id,分野,難易度,問題,A,B,C,D,正解,解説,出題済み
G2-001,AI史,標準,第一次AIブームの説明として最も適切なものはどれか。,探索と推論を中心に知的処理を実現しようとした時期,Transformerが登場した後の生成AI技術,正解ラベルを自動で付ける作業,画像を小さくする前処理,A,正解は「探索と推論を中心に知的処理を実現しようとした時期」。第一次AIブームは似た用語と混同されやすいので、定義と用途をセットで押さえる。,未
G2-002,AI史,標準,第二次AIブームの説明として最も適切なものはどれか。,Transformerが登場した後の生成AI技術,エキスパートシステムが注目された時期,正解ラベルを自動で付ける作業,画像を小さくする前処理,B,正解は「エキスパートシステムが注目された時期」。第二次AIブームは似た用語と混同されやすいので、定義と用途をセットで押さえる。,未
G2-003,AI史,難,知識獲得のボトルネックの説明として最も適切なものはどれか。,Transformerが登場した後の生成AI技術,正解ラベルを自動で付ける作業,専門家の知識を人手でルール化することが難しいという問題,画像を小さくする前処理,C,正解は「専門家の知識を人手でルール化することが難しいという問題」。知識獲得のボトルネックは似た用語と混同されやすいので、定義と用途をセットで押さえる。,未
G2-004,AI史,標準,第三次AIブームの説明として最も適切なものはどれか。,Transformerが登場した後の生成AI技術,正解ラベルを自動で付ける作業,画像を小さくする前処理,ビッグデータ・計算資源・深層学習の発展に支えられた時期,D,正解は「ビッグデータ・計算資源・深層学習の発展に支えられた時期」。第三次AIブームは似た用語と混同されやすいので、定義と用途をセットで押さえる。,未
G2-005,AI史,標準,AlexNetの説明として最も適切なものはどれか。,2012年の画像認識で深層学習の有効性を示したCNN系モデル,Transformerが登場した後の生成AI技術,正解ラベルを自動で付ける作業,画像を小さくする前処理,A,正解は「2012年の画像認識で深層学習の有効性を示したCNN系モデル」。AlexNetは似た用語と混同されやすいので、定義と用途をセットで押さえる。,未
G2-006,AI史,標準,ELIZAの説明として最も適切なものはどれか。,Transformerが登場した後の生成AI技術,初期の自然言語対話プログラム,正解ラベルを自動で付ける作業,画像を小さくする前処理,B,正解は「初期の自然言語対話プログラム」。ELIZAは似た用語と混同されやすいので、定義と用途をセットで押さえる。,未
G2-007,AI史,標準,MYCINの説明として最も適切なものはどれか。,Transformerが登場した後の生成AI技術,正解ラベルを自動で付ける作業,医療診断支援のエキスパートシステム,画像を小さくする前処理,C,正解は「医療診断支援のエキスパートシステム」。MYCINは似た用語と混同されやすいので、定義と用途をセットで押さえる。,未
G2-008,AI史,難,AlphaGoの説明として最も適切なものはどれか。,Transformerが登場した後の生成AI技術,正解ラベルを自動で付ける作業,画像を小さくする前処理,深層学習や強化学習を組み合わせて囲碁で成果を示したAI,D,正解は「深層学習や強化学習を組み合わせて囲碁で成果を示したAI」。AlphaGoは似た用語と混同されやすいので、定義と用途をセットで押さえる。,未
G2-009,AI基礎,標準,フレーム問題の説明として最も適切なものはどれか。,行動に関係する事柄だけを適切に選び出すことが難しい問題,学習率を自動調整する手法,画像分類の評価指標,外部文書を検索する生成手法,A,正解は「行動に関係する事柄だけを適切に選び出すことが難しい問題」。フレーム問題は似た用語と混同されやすいので、定義と用途をセットで押さえる。,未
G2-010,AI基礎,標準,シンボルグラウンディング問題の説明として最も適切なものはどれか。,学習率を自動調整する手法,記号や言葉が現実の意味にどう接地するかという問題,画像分類の評価指標,外部文書を検索する生成手法,B,正解は「記号や言葉が現実の意味にどう接地するかという問題」。シンボルグラウンディング問題は似た用語と混同されやすいので、定義と用途をセットで押さえる。,未
G2-011,AI基礎,標準,チューリングテストの説明として最も適切なものはどれか。,学習率を自動調整する手法,画像分類の評価指標,機械の応答が人間と区別できるかを調べる考え方,外部文書を検索する生成手法,C,正解は「機械の応答が人間と区別できるかを調べる考え方」。チューリングテストは似た用語と混同されやすいので、定義と用途をセットで押さえる。,未
G2-012,AI基礎,難,身体性の説明として最も適切なものはどれか。,学習率を自動調整する手法,画像分類の評価指標,外部文書を検索する生成手法,知能が身体や環境との相互作用と関係するという考え方,D,正解は「知能が身体や環境との相互作用と関係するという考え方」。身体性は似た用語と混同されやすいので、定義と用途をセットで押さえる。,未
G2-013,機械学習,標準,教師なし学習の説明として最も適切なものはどれか。,正解ラベルなしでデータの構造を見つける学習,文章を生成するLLM専用技術,個人情報を匿名化する制度,画像の解像度を上げる処理,A,正解は「正解ラベルなしでデータの構造を見つける学習」。教師なし学習は似た用語と混同されやすいので、定義と用途をセットで押さえる。,未
G2-014,機械学習,標準,クラスタリングの説明として最も適切なものはどれか。,文章を生成するLLM専用技術,似たデータ同士をグループ分けする手法,個人情報を匿名化する制度,画像の解像度を上げる処理,B,正解は「似たデータ同士をグループ分けする手法」。クラスタリングは似た用語と混同されやすいので、定義と用途をセットで押さえる。,未
G2-015,機械学習,難,k-means法の説明として最も適切なものはどれか。,文章を生成するLLM専用技術,個人情報を匿名化する制度,重心に基づきデータをクラスタに割り当てる手法,画像の解像度を上げる処理,C,正解は「重心に基づきデータをクラスタに割り当てる手法」。k-means法は似た用語と混同されやすいので、定義と用途をセットで押さえる。,未
G2-016,機械学習,標準,主成分分析（PCA）の説明として最も適切なものはどれか。,文章を生成するLLM専用技術,個人情報を匿名化する制度,画像の解像度を上げる処理,情報をなるべく保ちながら次元を削減する手法,D,正解は「情報をなるべく保ちながら次元を削減する手法」。主成分分析（PCA）は似た用語と混同されやすいので、定義と用途をセットで押さえる。,未
G2-017,機械学習,標準,回帰の説明として最も適切なものはどれか。,数値など連続値を予測するタスク,文章を生成するLLM専用技術,個人情報を匿名化する制度,画像の解像度を上げる処理,A,正解は「数値など連続値を予測するタスク」。回帰は似た用語と混同されやすいので、定義と用途をセットで押さえる。,未
G2-018,機械学習,標準,分類の説明として最も適切なものはどれか。,文章を生成するLLM専用技術,カテゴリやクラスを予測するタスク,個人情報を匿名化する制度,画像の解像度を上げる処理,B,正解は「カテゴリやクラスを予測するタスク」。分類は似た用語と混同されやすいので、定義と用途をセットで押さえる。,未
G2-019,機械学習,難,ホールドアウト法の説明として最も適切なものはどれか。,文章を生成するLLM専用技術,個人情報を匿名化する制度,データを学習用と評価用に分けて性能を見る方法,画像の解像度を上げる処理,C,正解は「データを学習用と評価用に分けて性能を見る方法」。ホールドアウト法は似た用語と混同されやすいので、定義と用途をセットで押さえる。,未
G2-020,機械学習,難,交差検証の説明として最も適切なものはどれか。,文章を生成するLLM専用技術,個人情報を匿名化する制度,画像の解像度を上げる処理,評価用データを入れ替えながら複数回性能を確認する方法,D,正解は「評価用データを入れ替えながら複数回性能を確認する方法」。交差検証は似た用語と混同されやすいので、定義と用途をセットで押さえる。,未
G2-021,機械学習,標準,正則化の説明として最も適切なものはどれか。,モデルの複雑さを抑え過学習を防ぐ工夫,文章を生成するLLM専用技術,個人情報を匿名化する制度,画像の解像度を上げる処理,A,正解は「モデルの複雑さを抑え過学習を防ぐ工夫」。正則化は似た用語と混同されやすいので、定義と用途をセットで押さえる。,未
G2-022,機械学習,難,L1正則化の説明として最も適切なものはどれか。,文章を生成するLLM専用技術,重みを0にしやすく特徴選択に使われやすい正則化,個人情報を匿名化する制度,画像の解像度を上げる処理,B,正解は「重みを0にしやすく特徴選択に使われやすい正則化」。L1正則化は似た用語と混同されやすいので、定義と用途をセットで押さえる。,未
G2-023,機械学習,難,L2正則化の説明として最も適切なものはどれか。,文章を生成するLLM専用技術,個人情報を匿名化する制度,大きな重みに罰則を与え重みをなめらかに小さくしやすい正則化,画像の解像度を上げる処理,C,正解は「大きな重みに罰則を与え重みをなめらかに小さくしやすい正則化」。L2正則化は似た用語と混同されやすいので、定義と用途をセットで押さえる。,未
G2-024,機械学習,標準,ハイパーパラメータの説明として最も適切なものはどれか。,文章を生成するLLM専用技術,個人情報を匿名化する制度,画像の解像度を上げる処理,学習前に人が設定する学習率などの値,D,正解は「学習前に人が設定する学習率などの値」。ハイパーパラメータは似た用語と混同されやすいので、定義と用途をセットで押さえる。,未
G2-025,機械学習,難,グリッドサーチの説明として最も適切なものはどれか。,候補値の組み合わせを網羅的に試す探索,文章を生成するLLM専用技術,個人情報を匿名化する制度,画像の解像度を上げる処理,A,正解は「候補値の組み合わせを網羅的に試す探索」。グリッドサーチは似た用語と混同されやすいので、定義と用途をセットで押さえる。,未
G2-026,機械学習,難,ランダムサーチの説明として最も適切なものはどれか。,文章を生成するLLM専用技術,候補空間からランダムに組み合わせを選ぶ探索,個人情報を匿名化する制度,画像の解像度を上げる処理,B,正解は「候補空間からランダムに組み合わせを選ぶ探索」。ランダムサーチは似た用語と混同されやすいので、定義と用途をセットで押さえる。,未
G2-027,評価指標,標準,適合率（Precision）の説明として最も適切なものはどれか。,モデルの重みを更新する手法,画像を畳み込む層,陽性と予測したものの中で実際に陽性だった割合,文章を単語に分ける処理,C,正解は「陽性と予測したものの中で実際に陽性だった割合」。適合率（Precision）は似た用語と混同されやすいので、定義と用途をセットで押さえる。,未
G2-028,評価指標,標準,再現率（Recall）の説明として最も適切なものはどれか。,モデルの重みを更新する手法,画像を畳み込む層,文章を単語に分ける処理,実際の陽性をどれだけ陽性と予測できたかの割合,D,正解は「実際の陽性をどれだけ陽性と予測できたかの割合」。再現率（Recall）は似た用語と混同されやすいので、定義と用途をセットで押さえる。,未
G2-029,評価指標,難,偽陽性に関する記述として最も適切なものはどれか。,実際は陰性なのに陽性と予測したもの,モデルの重みを更新する手法,画像を畳み込む層,文章を単語に分ける処理,A,正解は「実際は陰性なのに陽性と予測したもの」。偽陽性は似た用語と混同されやすいので、定義と用途をセットで押さえる。,未
G2-030,評価指標,難,偽陰性に関する記述として最も適切なものはどれか。,モデルの重みを更新する手法,実際は陽性なのに陰性と予測したもの,画像を畳み込む層,文章を単語に分ける処理,B,正解は「実際は陽性なのに陰性と予測したもの」。偽陰性は似た用語と混同されやすいので、定義と用途をセットで押さえる。,未
G2-031,評価指標,難,ROC曲線に関する記述として最も適切なものはどれか。,モデルの重みを更新する手法,画像を畳み込む層,閾値を変えたときの真陽性率と偽陽性率の関係を示す曲線,文章を単語に分ける処理,C,正解は「閾値を変えたときの真陽性率と偽陽性率の関係を示す曲線」。ROC曲線は似た用語と混同されやすいので、定義と用途をセットで押さえる。,未
G2-032,評価指標,難,AUCに関する記述として最も適切なものはどれか。,モデルの重みを更新する手法,画像を畳み込む層,文章を単語に分ける処理,ROC曲線の下側面積で分類性能を見る指標,D,正解は「ROC曲線の下側面積で分類性能を見る指標」。AUCは似た用語と混同されやすいので、定義と用途をセットで押さえる。,未
G2-033,評価指標,標準,平均二乗誤差（MSE）の説明として最も適切なものはどれか。,予測値と実測値の差の二乗平均,モデルの重みを更新する手法,画像を畳み込む層,文章を単語に分ける処理,A,正解は「予測値と実測値の差の二乗平均」。平均二乗誤差（MSE）は似た用語と混同されやすいので、定義と用途をセットで押さえる。,未
G2-034,評価指標,難,RMSEに関する記述として最も適切なものはどれか。,モデルの重みを更新する手法,MSEの平方根で元の目的変数と同じ単位で解釈しやすい指標,画像を畳み込む層,文章を単語に分ける処理,B,正解は「MSEの平方根で元の目的変数と同じ単位で解釈しやすい指標」。RMSEは似た用語と混同されやすいので、定義と用途をセットで押さえる。,未
G2-035,深層学習,標準,活性化関数の説明として最も適切なものはどれか。,個人情報を保護する法律制度,正解ラベルを人手で付ける作業,ニューラルネットワークに非線形性を導入する関数,モデルの出典を保証する仕組み,C,正解は「ニューラルネットワークに非線形性を導入する関数」。活性化関数は似た用語と混同されやすいので、定義と用途をセットで押さえる。,未
G2-036,深層学習,標準,ReLUの説明として最も適切なものはどれか。,個人情報を保護する法律制度,正解ラベルを人手で付ける作業,モデルの出典を保証する仕組み,0以下なら0、正ならそのまま出力する活性化関数,D,正解は「0以下なら0、正ならそのまま出力する活性化関数」。ReLUは似た用語と混同されやすいので、定義と用途をセットで押さえる。,未
G2-037,深層学習,難,シグモイド関数の説明として最も適切なものはどれか。,0から1の範囲の値を出す関数,個人情報を保護する法律制度,正解ラベルを人手で付ける作業,モデルの出典を保証する仕組み,A,正解は「0から1の範囲の値を出す関数」。シグモイド関数は似た用語と混同されやすいので、定義と用途をセットで押さえる。,未
G2-038,深層学習,標準,誤差逆伝播法の説明として最も適切なものはどれか。,個人情報を保護する法律制度,出力側の誤差を入力側へ伝え重み更新に必要な勾配を計算する方法,正解ラベルを人手で付ける作業,モデルの出典を保証する仕組み,B,正解は「出力側の誤差を入力側へ伝え重み更新に必要な勾配を計算する方法」。誤差逆伝播法は似た用語と混同されやすいので、定義と用途をセットで押さえる。,未
G2-039,深層学習,難,勾配消失問題の説明として最も適切なものはどれか。,個人情報を保護する法律制度,正解ラベルを人手で付ける作業,深い層で勾配が小さくなり学習が進みにくくなる問題,モデルの出典を保証する仕組み,C,正解は「深い層で勾配が小さくなり学習が進みにくくなる問題」。勾配消失問題は似た用語と混同されやすいので、定義と用途をセットで押さえる。,未
G2-040,深層学習,難,ドロップアウトの説明として最も適切なものはどれか。,個人情報を保護する法律制度,正解ラベルを人手で付ける作業,モデルの出典を保証する仕組み,学習時に一部ユニットを無効化して過学習を抑える手法,D,正解は「学習時に一部ユニットを無効化して過学習を抑える手法」。ドロップアウトは似た用語と混同されやすいので、定義と用途をセットで押さえる。,未
G2-041,深層学習,標準,バッチ正規化の説明として最も適切なものはどれか。,各層の入力分布を整えて学習を安定させる手法,個人情報を保護する法律制度,正解ラベルを人手で付ける作業,モデルの出典を保証する仕組み,A,正解は「各層の入力分布を整えて学習を安定させる手法」。バッチ正規化は似た用語と混同されやすいので、定義と用途をセットで押さえる。,未
G2-042,深層学習,難,エポックの説明として最も適切なものはどれか。,個人情報を保護する法律制度,学習データ全体を1回学習に使う単位,正解ラベルを人手で付ける作業,モデルの出典を保証する仕組み,B,正解は「学習データ全体を1回学習に使う単位」。エポックは似た用語と混同されやすいので、定義と用途をセットで押さえる。,未
G2-043,深層学習,標準,ミニバッチ学習の説明として最も適切なものはどれか。,個人情報を保護する法律制度,正解ラベルを人手で付ける作業,データを小さなまとまりに分けて重み更新する方法,モデルの出典を保証する仕組み,C,正解は「データを小さなまとまりに分けて重み更新する方法」。ミニバッチ学習は似た用語と混同されやすいので、定義と用途をセットで押さえる。,未
G2-044,深層学習,難,学習率が大きすぎる場合の説明として最も適切なものはどれか。,個人情報を保護する法律制度,正解ラベルを人手で付ける作業,モデルの出典を保証する仕組み,最適値を飛び越えて損失が安定しにくい,D,正解は「最適値を飛び越えて損失が安定しにくい」。学習率が大きすぎる場合は似た用語と混同されやすいので、定義と用途をセットで押さえる。,未
G2-045,深層学習,難,学習率が小さすぎる場合の説明として最も適切なものはどれか。,更新幅が小さく学習が非常に遅くなりやすい,個人情報を保護する法律制度,正解ラベルを人手で付ける作業,モデルの出典を保証する仕組み,A,正解は「更新幅が小さく学習が非常に遅くなりやすい」。学習率が小さすぎる場合は似た用語と混同されやすいので、定義と用途をセットで押さえる。,未
G2-046,CNN,標準,畳み込み層の説明として最も適切なものはどれか。,文章の語順を表すAttention機構,局所的な特徴をフィルタで抽出する層,報酬を最大化する方策,個人情報を匿名化する処理,B,正解は「局所的な特徴をフィルタで抽出する層」。畳み込み層は似た用語と混同されやすいので、定義と用途をセットで押さえる。,未
G2-047,CNN,標準,プーリング層の説明として最も適切なものはどれか。,文章の語順を表すAttention機構,報酬を最大化する方策,特徴マップのサイズを縮小し位置ずれにある程度頑健にする層,個人情報を匿名化する処理,C,正解は「特徴マップのサイズを縮小し位置ずれにある程度頑健にする層」。プーリング層は似た用語と混同されやすいので、定義と用途をセットで押さえる。,未
G2-048,CNN,難,フィルタ（カーネル）の説明として最も適切なものはどれか。,文章の語順を表すAttention機構,報酬を最大化する方策,個人情報を匿名化する処理,入力上を移動しながら局所特徴を検出する小さな重み行列,D,正解は「入力上を移動しながら局所特徴を検出する小さな重み行列」。フィルタ（カーネル）は似た用語と混同されやすいので、定義と用途をセットで押さえる。,未
G2-049,CNN,難,パディングの説明として最も適切なものはどれか。,入力の周囲を埋めて出力サイズや端の情報を調整する処理,文章の語順を表すAttention機構,報酬を最大化する方策,個人情報を匿名化する処理,A,正解は「入力の周囲を埋めて出力サイズや端の情報を調整する処理」。パディングは似た用語と混同されやすいので、定義と用途をセットで押さえる。,未
G2-050,CNN,難,ストライドの説明として最も適切なものはどれか。,文章の語順を表すAttention機構,畳み込みフィルタを動かす間隔,報酬を最大化する方策,個人情報を匿名化する処理,B,正解は「畳み込みフィルタを動かす間隔」。ストライドは似た用語と混同されやすいので、定義と用途をセットで押さえる。,未
G2-051,RNN,標準,RNNの説明として最も適切なものはどれか。,画像の局所特徴だけを抽出する層,外部文書を検索して生成する仕組み,時系列データや系列データを扱いやすいニューラルネットワーク,著作権の許諾手続き,C,正解は「時系列データや系列データを扱いやすいニューラルネットワーク」。RNNは似た用語と混同されやすいので、定義と用途をセットで押さえる。,未
G2-052,RNN,難,LSTMの説明として最も適切なものはどれか。,画像の局所特徴だけを抽出する層,外部文書を検索して生成する仕組み,著作権の許諾手続き,ゲート機構で長期依存を扱いやすくしたRNNの一種,D,正解は「ゲート機構で長期依存を扱いやすくしたRNNの一種」。LSTMは似た用語と混同されやすいので、定義と用途をセットで押さえる。,未
G2-053,RNN,難,GRUの説明として最も適切なものはどれか。,LSTMを簡略化したようなゲート付きRNN,画像の局所特徴だけを抽出する層,外部文書を検索して生成する仕組み,著作権の許諾手続き,A,正解は「LSTMを簡略化したようなゲート付きRNN」。GRUは似た用語と混同されやすいので、定義と用途をセットで押さえる。,未
G2-054,自然言語処理,標準,形態素解析の説明として最も適切なものはどれか。,画像のノイズ除去モデル,文を意味を持つ最小単位に分け品詞などを判定する処理,強化学習の報酬設計,GPUの冷却方式,B,正解は「文を意味を持つ最小単位に分け品詞などを判定する処理」。形態素解析は似た用語と混同されやすいので、定義と用途をセットで押さえる。,未
G2-055,自然言語処理,標準,構文解析の説明として最も適切なものはどれか。,画像のノイズ除去モデル,強化学習の報酬設計,文の係り受けや文法構造を解析する処理,GPUの冷却方式,C,正解は「文の係り受けや文法構造を解析する処理」。構文解析は似た用語と混同されやすいので、定義と用途をセットで押さえる。,未
G2-056,自然言語処理,難,TF-IDFの説明として最も適切なものはどれか。,画像のノイズ除去モデル,強化学習の報酬設計,GPUの冷却方式,文書内頻度と文書集合での希少性から単語の重みを求める手法,D,正解は「文書内頻度と文書集合での希少性から単語の重みを求める手法」。TF-IDFは似た用語と混同されやすいので、定義と用途をセットで押さえる。,未
G2-057,自然言語処理,標準,Word2Vecの説明として最も適切なものはどれか。,単語を意味的な近さを反映したベクトルで表す手法,画像のノイズ除去モデル,強化学習の報酬設計,GPUの冷却方式,A,正解は「単語を意味的な近さを反映したベクトルで表す手法」。Word2Vecは似た用語と混同されやすいので、定義と用途をセットで押さえる。,未
G2-058,自然言語処理,難,分散表現の説明として最も適切なものはどれか。,画像のノイズ除去モデル,意味の近さをベクトル空間上で扱える表現,強化学習の報酬設計,GPUの冷却方式,B,正解は「意味の近さをベクトル空間上で扱える表現」。分散表現は似た用語と混同されやすいので、定義と用途をセットで押さえる。,未
G2-059,自然言語処理,難,BERTの説明として最も適切なものはどれか。,画像のノイズ除去モデル,強化学習の報酬設計,双方向の文脈を利用するTransformer系言語モデル,GPUの冷却方式,C,正解は「双方向の文脈を利用するTransformer系言語モデル」。BERTは似た用語と混同されやすいので、定義と用途をセットで押さえる。,未
G2-060,自然言語処理,難,GPT系モデルの説明として最も適切なものはどれか。,画像のノイズ除去モデル,強化学習の報酬設計,GPUの冷却方式,自己回帰的に次のトークンを予測する言語モデル,D,正解は「自己回帰的に次のトークンを予測する言語モデル」。GPT系モデルは似た用語と混同されやすいので、定義と用途をセットで押さえる。,未
G2-061,Transformer,標準,Attentionの説明として最も適切なものはどれか。,入力のどの部分に注目するかを重み付けする仕組み,正解ラベルの手作業付与,個人情報の匿名加工,画像サイズの圧縮だけ,A,正解は「入力のどの部分に注目するかを重み付けする仕組み」。Attentionは似た用語と混同されやすいので、定義と用途をセットで押さえる。,未
G2-062,Transformer,難,Self-Attentionの説明として最も適切なものはどれか。,正解ラベルの手作業付与,同じ系列内の要素同士の関係を計算するAttention,個人情報の匿名加工,画像サイズの圧縮だけ,B,正解は「同じ系列内の要素同士の関係を計算するAttention」。Self-Attentionは似た用語と混同されやすいので、定義と用途をセットで押さえる。,未
G2-063,Transformer,難,Transformerの並列計算しやすさの説明として最も適切なものはどれか。,正解ラベルの手作業付与,個人情報の匿名加工,系列を逐次処理する再帰構造に依存しにくいこと,画像サイズの圧縮だけ,C,正解は「系列を逐次処理する再帰構造に依存しにくいこと」。Transformerの並列計算しやすさは似た用語と混同されやすいので、定義と用途をセットで押さえる。,未
G2-064,Transformer,難,位置エンコーディングの説明として最も適切なものはどれか。,正解ラベルの手作業付与,個人情報の匿名加工,画像サイズの圧縮だけ,Attentionだけでは持ちにくい語順情報を補う仕組み,D,正解は「Attentionだけでは持ちにくい語順情報を補う仕組み」。位置エンコーディングは似た用語と混同されやすいので、定義と用途をセットで押さえる。,未
G2-065,生成AI,標準,基盤モデルの説明として最も適切なものはどれか。,大量データで事前学習され多様な下流タスクに応用できるモデル,正解ラベルを人手で付与する作業,画像の局所特徴だけを抽出する層,統計的仮説検定の帰無仮説,A,正解は「大量データで事前学習され多様な下流タスクに応用できるモデル」。基盤モデルは似た用語と混同されやすいので、定義と用途をセットで押さえる。,未
G2-066,生成AI,標準,事前学習の説明として最も適切なものはどれか。,正解ラベルを人手で付与する作業,大規模データで汎用的な特徴や知識を学ばせる段階,画像の局所特徴だけを抽出する層,統計的仮説検定の帰無仮説,B,正解は「大規模データで汎用的な特徴や知識を学ばせる段階」。事前学習は似た用語と混同されやすいので、定義と用途をセットで押さえる。,未
G2-067,生成AI,難,ファインチューニングに関する記述として最も適切なものはどれか。,正解ラベルを人手で付与する作業,画像の局所特徴だけを抽出する層,事前学習済みモデルを特定タスク向けに追加学習すること,統計的仮説検定の帰無仮説,C,正解は「事前学習済みモデルを特定タスク向けに追加学習すること」。ファインチューニングは似た用語と混同されやすいので、定義と用途をセットで押さえる。,未
G2-068,生成AI,難,RAGに関する記述として最も適切なものはどれか。,正解ラベルを人手で付与する作業,画像の局所特徴だけを抽出する層,統計的仮説検定の帰無仮説,外部情報を検索・参照して生成に利用する仕組み,D,正解は「外部情報を検索・参照して生成に利用する仕組み」。RAGは似た用語と混同されやすいので、定義と用途をセットで押さえる。,未
G2-069,生成AI,難,RAGとファインチューニングの違いに関する記述として最も適切なものはどれか。,RAGは外部情報を検索利用し、ファインチューニングは追加学習で重みを調整する,正解ラベルを人手で付与する作業,画像の局所特徴だけを抽出する層,統計的仮説検定の帰無仮説,A,正解は「RAGは外部情報を検索利用し、ファインチューニングは追加学習で重みを調整する」。RAGとファインチューニングの違いは似た用語と混同されやすいので、定義と用途をセットで押さえる。,未
G2-070,生成AI,標準,プロンプトエンジニアリングの説明として最も適切なものはどれか。,正解ラベルを人手で付与する作業,生成AIから望ましい出力を得るため入力指示を工夫すること,画像の局所特徴だけを抽出する層,統計的仮説検定の帰無仮説,B,正解は「生成AIから望ましい出力を得るため入力指示を工夫すること」。プロンプトエンジニアリングは似た用語と混同されやすいので、定義と用途をセットで押さえる。,未
G2-071,生成AI,標準,ハルシネーションの説明として最も適切なものはどれか。,正解ラベルを人手で付与する作業,画像の局所特徴だけを抽出する層,AIが事実と異なる内容をもっともらしく生成すること,統計的仮説検定の帰無仮説,C,正解は「AIが事実と異なる内容をもっともらしく生成すること」。ハルシネーションは似た用語と混同されやすいので、定義と用途をセットで押さえる。,未
G2-072,生成AI,難,Embeddingに関する記述として最も適切なものはどれか。,正解ラベルを人手で付与する作業,画像の局所特徴だけを抽出する層,統計的仮説検定の帰無仮説,意味の近さを扱うためテキストなどをベクトル化した表現,D,正解は「意味の近さを扱うためテキストなどをベクトル化した表現」。Embeddingは似た用語と混同されやすいので、定義と用途をセットで押さえる。,未
G2-073,生成AI,標準,マルチモーダルAIの説明として最も適切なものはどれか。,テキスト・画像・音声など複数種類の情報を扱うAI,正解ラベルを人手で付与する作業,画像の局所特徴だけを抽出する層,統計的仮説検定の帰無仮説,A,正解は「テキスト・画像・音声など複数種類の情報を扱うAI」。マルチモーダルAIは似た用語と混同されやすいので、定義と用途をセットで押さえる。,未
G2-074,生成AI,難,ゼロショットに関する記述として最も適切なものはどれか。,正解ラベルを人手で付与する作業,そのタスクの具体例なしに指示だけで対応する設定,画像の局所特徴だけを抽出する層,統計的仮説検定の帰無仮説,B,正解は「そのタスクの具体例なしに指示だけで対応する設定」。ゼロショットは似た用語と混同されやすいので、定義と用途をセットで押さえる。,未
G2-075,生成AI,難,Few-shotプロンプティングに関する記述として最も適切なものはどれか。,正解ラベルを人手で付与する作業,画像の局所特徴だけを抽出する層,少数の例をプロンプトに入れて出力を誘導する方法,統計的仮説検定の帰無仮説,C,正解は「少数の例をプロンプトに入れて出力を誘導する方法」。Few-shotプロンプティングは似た用語と混同されやすいので、定義と用途をセットで押さえる。,未
G2-076,生成AI,難,Chain-of-Thoughtに関する記述として最も適切なものはどれか。,正解ラベルを人手で付与する作業,画像の局所特徴だけを抽出する層,統計的仮説検定の帰無仮説,段階的な推論を促し複雑な問題に対応しやすくする考え方,D,正解は「段階的な推論を促し複雑な問題に対応しやすくする考え方」。Chain-of-Thoughtは似た用語と混同されやすいので、定義と用途をセットで押さえる。,未
G2-077,生成AI,難,RLHFに関する記述として最も適切なものはどれか。,人間のフィードバックを用いた強化学習で出力を調整する手法,正解ラベルを人手で付与する作業,画像の局所特徴だけを抽出する層,統計的仮説検定の帰無仮説,A,正解は「人間のフィードバックを用いた強化学習で出力を調整する手法」。RLHFは似た用語と混同されやすいので、定義と用途をセットで押さえる。,未
G2-078,生成AI,難,トークンに関する記述として最も適切なものはどれか。,正解ラベルを人手で付与する作業,言語モデルが処理する文字列の単位,画像の局所特徴だけを抽出する層,統計的仮説検定の帰無仮説,B,正解は「言語モデルが処理する文字列の単位」。トークンは似た用語と混同されやすいので、定義と用途をセットで押さえる。,未
G2-079,生成AI,難,コンテキストウィンドウに関する記述として最も適切なものはどれか。,正解ラベルを人手で付与する作業,画像の局所特徴だけを抽出する層,モデルが一度に参照できる入力・出力の範囲,統計的仮説検定の帰無仮説,C,正解は「モデルが一度に参照できる入力・出力の範囲」。コンテキストウィンドウは似た用語と混同されやすいので、定義と用途をセットで押さえる。,未
G2-080,生成AI,難,temperatureに関する記述として最も適切なものはどれか。,正解ラベルを人手で付与する作業,画像の局所特徴だけを抽出する層,統計的仮説検定の帰無仮説,高くすると出力のランダム性が高まり多様になりやすい生成制御パラメータ,D,正解は「高くすると出力のランダム性が高まり多様になりやすい生成制御パラメータ」。temperatureは似た用語と混同されやすいので、定義と用途をセットで押さえる。,未
G2-081,生成AI,難,トップpサンプリングに関する記述として最も適切なものはどれか。,累積確率が一定値に達する候補から次トークンを選ぶ方法,正解ラベルを人手で付与する作業,画像の局所特徴だけを抽出する層,統計的仮説検定の帰無仮説,A,正解は「累積確率が一定値に達する候補から次トークンを選ぶ方法」。トップpサンプリングは似た用語と混同されやすいので、定義と用途をセットで押さえる。,未
G2-082,画像生成,標準,GANの説明として最も適切なものはどれか。,分類モデルの正答率,生成器と識別器を競わせて学習する生成モデル,文章の形態素解析辞書,AIガバナンスの責任体制,B,正解は「生成器と識別器を競わせて学習する生成モデル」。GANは似た用語と混同されやすいので、定義と用途をセットで押さえる。,未
G2-083,画像生成,難,拡散モデルの説明として最も適切なものはどれか。,分類モデルの正答率,文章の形態素解析辞書,ノイズを加える過程とノイズを除去する過程を学ぶ生成モデル,AIガバナンスの責任体制,C,正解は「ノイズを加える過程とノイズを除去する過程を学ぶ生成モデル」。拡散モデルは似た用語と混同されやすいので、定義と用途をセットで押さえる。,未
G2-084,画像生成,難,オートエンコーダの説明として最も適切なものはどれか。,分類モデルの正答率,文章の形態素解析辞書,AIガバナンスの責任体制,エンコーダで圧縮しデコーダで再構成するモデル,D,正解は「エンコーダで圧縮しデコーダで再構成するモデル」。オートエンコーダは似た用語と混同されやすいので、定義と用途をセットで押さえる。,未
G2-085,画像生成,難,VAEの説明として最も適切なものはどれか。,潜在変数を確率分布として扱う生成モデル,分類モデルの正答率,文章の形態素解析辞書,AIガバナンスの責任体制,A,正解は「潜在変数を確率分布として扱う生成モデル」。VAEは似た用語と混同されやすいので、定義と用途をセットで押さえる。,未
G2-086,強化学習,標準,エージェントの説明として最も適切なものはどれか。,正解ラベル付きデータから分類する手法,環境に対して行動を選び報酬を受け取る主体,画像を畳み込む層,外部文書を検索する生成手法,B,正解は「環境に対して行動を選び報酬を受け取る主体」。エージェントは似た用語と混同されやすいので、定義と用途をセットで押さえる。,未
G2-087,強化学習,標準,方策の説明として最も適切なものはどれか。,正解ラベル付きデータから分類する手法,画像を畳み込む層,状態に応じてどの行動を選ぶかのルールや確率分布,外部文書を検索する生成手法,C,正解は「状態に応じてどの行動を選ぶかのルールや確率分布」。方策は似た用語と混同されやすいので、定義と用途をセットで押さえる。,未
G2-088,強化学習,難,価値関数の説明として最も適切なものはどれか。,正解ラベル付きデータから分類する手法,画像を畳み込む層,外部文書を検索する生成手法,ある状態や行動の将来的な報酬の期待値を表す関数,D,正解は「ある状態や行動の将来的な報酬の期待値を表す関数」。価値関数は似た用語と混同されやすいので、定義と用途をセットで押さえる。,未
G2-089,強化学習,難,探索と活用のトレードオフの説明として最も適切なものはどれか。,未知の行動を試すことと既知の良い行動を選ぶことのバランス,正解ラベル付きデータから分類する手法,画像を畳み込む層,外部文書を検索する生成手法,A,正解は「未知の行動を試すことと既知の良い行動を選ぶことのバランス」。探索と活用のトレードオフは似た用語と混同されやすいので、定義と用途をセットで押さえる。,未
G2-090,強化学習,難,Q学習の説明として最も適切なものはどれか。,正解ラベル付きデータから分類する手法,状態・行動価値を更新して最適方策を学ぶ手法,画像を畳み込む層,外部文書を検索する生成手法,B,正解は「状態・行動価値を更新して最適方策を学ぶ手法」。Q学習は似た用語と混同されやすいので、定義と用途をセットで押さえる。,未
G2-091,AIプロジェクト,標準,PoCの説明として最も適切なものはどれか。,画像のフィルタサイズ,言語モデルの次トークン予測,技術や事業仮説が実現可能か小さく検証すること,統計分布の中央値,C,正解は「技術や事業仮説が実現可能か小さく検証すること」。PoCは似た用語と混同されやすいので、定義と用途をセットで押さえる。,未
G2-092,AIプロジェクト,難,目的変数の説明として最も適切なものはどれか。,画像のフィルタサイズ,言語モデルの次トークン予測,統計分布の中央値,予測・最適化したい対象となる変数,D,正解は「予測・最適化したい対象となる変数」。目的変数は似た用語と混同されやすいので、定義と用途をセットで押さえる。,未
G2-093,AIプロジェクト,標準,MLOpsの説明として最も適切なものはどれか。,機械学習モデルの開発・運用・監視を継続的に行う考え方,画像のフィルタサイズ,言語モデルの次トークン予測,統計分布の中央値,A,正解は「機械学習モデルの開発・運用・監視を継続的に行う考え方」。MLOpsは似た用語と混同されやすいので、定義と用途をセットで押さえる。,未
G2-094,AIプロジェクト,難,モデルドリフトの説明として最も適切なものはどれか。,画像のフィルタサイズ,時間経過でデータ分布などが変わり性能が低下すること,言語モデルの次トークン予測,統計分布の中央値,B,正解は「時間経過でデータ分布などが変わり性能が低下すること」。モデルドリフトは似た用語と混同されやすいので、定義と用途をセットで押さえる。,未
G2-095,AIプロジェクト,標準,アノテーションの説明として最も適切なものはどれか。,画像のフィルタサイズ,言語モデルの次トークン予測,学習用データに正解ラベルやタグを付ける作業,統計分布の中央値,C,正解は「学習用データに正解ラベルやタグを付ける作業」。アノテーションは似た用語と混同されやすいので、定義と用途をセットで押さえる。,未
G2-096,データ前処理,標準,欠損値処理の説明として最も適切なものはどれか。,AIの法的責任制度,強化学習の方策,文章生成の温度パラメータ,平均値や中央値で補完する、または欠損行を除外するなどの処理,D,正解は「平均値や中央値で補完する、または欠損行を除外するなどの処理」。欠損値処理は似た用語と混同されやすいので、定義と用途をセットで押さえる。,未
G2-097,データ前処理,標準,標準化の説明として最も適切なものはどれか。,平均0、標準偏差1になるよう変換する処理,AIの法的責任制度,強化学習の方策,文章生成の温度パラメータ,A,正解は「平均0、標準偏差1になるよう変換する処理」。標準化は似た用語と混同されやすいので、定義と用途をセットで押さえる。,未
G2-098,データ前処理,標準,正規化の説明として最も適切なものはどれか。,AIの法的責任制度,値の範囲を0〜1など一定範囲に変換する処理,強化学習の方策,文章生成の温度パラメータ,B,正解は「値の範囲を0〜1など一定範囲に変換する処理」。正規化は似た用語と混同されやすいので、定義と用途をセットで押さえる。,未
G2-099,データ前処理,難,One-hotエンコーディングに関する記述として最も適切なものはどれか。,AIの法的責任制度,強化学習の方策,カテゴリを0/1の複数列で表現する処理,文章生成の温度パラメータ,C,正解は「カテゴリを0/1の複数列で表現する処理」。One-hotエンコーディングは似た用語と混同されやすいので、定義と用途をセットで押さえる。,未
G2-100,データ前処理,難,データリーケージに関する記述として最も適切なものはどれか。,AIの法的責任制度,強化学習の方策,文章生成の温度パラメータ,本来学習時に使えない情報が混入し評価が過大になる問題,D,正解は「本来学習時に使えない情報が混入し評価が過大になる問題」。データリーケージは似た用語と混同されやすいので、定義と用途をセットで押さえる。,未
