id,set,phase,question_type,topic,source_area,cognition_axis,format_axis,recency_axis,trickiness_axis,question,A,B,C,D,answer,explanation,wrong_A,wrong_B,wrong_C,wrong_D,trap_point,search_keywords,story_hint
FB03-001,FinalBoost_Set03,本番直前・2箇所穴埋め対応関係,2箇所穴埋め,AI基礎,G検定横断領域,対応関係の即答,2空欄補充,直前対策,高,AIを『人間の知的活動を計算機で実現する技術』と広く捉える場合、機械学習はデータから（　1　）を獲得し、ルールベースAIは人が与えた（　2　）に基づく。,パターン／ルール,ルール／パターン,ヒューリスティック／削減,順序／避け,A,空欄1は『パターン』、空欄2は『ルール』。AI基礎では、2語の役割・順番・対象を取り違えないことが重要。,正解。,不適切。『ルール／パターン』は、この文の空欄1・空欄2の対応と合わない。,不適切。『ヒューリスティック／削減』は、この文の空欄1・空欄2の対応と合わない。,不適切。『順序／避け』は、この文の空欄1・空欄2の対応と合わない。,2箇所穴埋めは、用語を単独で覚えるより、概念の対応関係・順番・対象を問う。本番では入れ替え選択肢に注意。,AI基礎;パターン;ルール;2箇所穴埋め;G検定,さいはての未来では、イオが2つの概念の接続を観測して取り違えを避ける。四年五組なら、うっけの逆回答をカサネが静かに戻す。
FB03-002,FinalBoost_Set03,本番直前・2箇所穴埋め対応関係,2箇所穴埋め,AI基礎,G検定横断領域,対応関係の即答,2空欄補充,直前対策,高,第一次AIブームでは主に探索や推論が注目され、第二次AIブームでは専門家の知識を使う（　1　）が広がり、第三次AIブームでは（　2　）が中心になった。,エキスパートシステム／深層学習,深層学習／エキスパートシステム,詳細／複雑,範囲／スケール,A,空欄1は『エキスパートシステム』、空欄2は『深層学習』。AI基礎では、2語の役割・順番・対象を取り違えないことが重要。,正解。,不適切。『深層学習／エキスパートシステム』は、この文の空欄1・空欄2の対応と合わない。,不適切。『詳細／複雑』は、この文の空欄1・空欄2の対応と合わない。,不適切。『範囲／スケール』は、この文の空欄1・空欄2の対応と合わない。,2箇所穴埋めは、用語を単独で覚えるより、概念の対応関係・順番・対象を問う。本番では入れ替え選択肢に注意。,AI基礎;エキスパートシステム;深層学習;2箇所穴埋め;G検定,さいはての未来では、イオが2つの概念の接続を観測して取り違えを避ける。四年五組なら、うっけの逆回答をカサネが静かに戻す。
FB03-003,FinalBoost_Set03,本番直前・2箇所穴埋め対応関係,2箇所穴埋め,AI基礎,G検定横断領域,対応関係の即答,2空欄補充,直前対策,高,探索問題では、現在の状態から次の状態へ移る（　1　）をたどり、目的状態に至る（　2　）を探す。,遷移／経路,経路／遷移,ルール／結論,過学習／安定性,A,空欄1は『遷移』、空欄2は『経路』。AI基礎では、2語の役割・順番・対象を取り違えないことが重要。,正解。,不適切。『経路／遷移』は、この文の空欄1・空欄2の対応と合わない。,不適切。『ルール／結論』は、この文の空欄1・空欄2の対応と合わない。,不適切。『過学習／安定性』は、この文の空欄1・空欄2の対応と合わない。,2箇所穴埋めは、用語を単独で覚えるより、概念の対応関係・順番・対象を問う。本番では入れ替え選択肢に注意。,AI基礎;遷移;経路;2箇所穴埋め;G検定,さいはての未来では、イオが2つの概念の接続を観測して取り違えを避ける。四年五組なら、うっけの逆回答をカサネが静かに戻す。
FB03-004,FinalBoost_Set03,本番直前・2箇所穴埋め対応関係,2箇所穴埋め,AI基礎,G検定横断領域,対応関係の即答,2空欄補充,直前対策,高,幅優先探索は浅い階層から順に調べ、深さ優先探索は一つの枝を（　1　）まで進みやすく、メモリ消費は一般に（　2　）優先探索が少ない。,深く／深さ,深さ／深く,リンク／ネットワーク,補正／アンサンブル,A,空欄1は『深く』、空欄2は『深さ』。AI基礎では、2語の役割・順番・対象を取り違えないことが重要。,正解。,不適切。『深さ／深く』は、この文の空欄1・空欄2の対応と合わない。,不適切。『リンク／ネットワーク』は、この文の空欄1・空欄2の対応と合わない。,不適切。『補正／アンサンブル』は、この文の空欄1・空欄2の対応と合わない。,2箇所穴埋めは、用語を単独で覚えるより、概念の対応関係・順番・対象を問う。本番では入れ替え選択肢に注意。,AI基礎;深く;深さ;2箇所穴埋め;G検定,さいはての未来では、イオが2つの概念の接続を観測して取り違えを避ける。四年五組なら、うっけの逆回答をカサネが静かに戻す。
FB03-005,FinalBoost_Set03,本番直前・2箇所穴埋め対応関係,2箇所穴埋め,AI基礎,G検定横断領域,対応関係の即答,2空欄補充,直前対策,高,A*探索ではゴールまでの推定コストを表す（　1　）を使い、実コストと合わせて探索の（　2　）を決める。,ヒューリスティック／優先度,優先度／ヒューリスティック,制約／候補,写像／非線形,A,空欄1は『ヒューリスティック』、空欄2は『優先度』。AI基礎では、2語の役割・順番・対象を取り違えないことが重要。,正解。,不適切。『優先度／ヒューリスティック』は、この文の空欄1・空欄2の対応と合わない。,不適切。『制約／候補』は、この文の空欄1・空欄2の対応と合わない。,不適切。『写像／非線形』は、この文の空欄1・空欄2の対応と合わない。,2箇所穴埋めは、用語を単独で覚えるより、概念の対応関係・順番・対象を問う。本番では入れ替え選択肢に注意。,AI基礎;ヒューリスティック;優先度;2箇所穴埋め;G検定,さいはての未来では、イオが2つの概念の接続を観測して取り違えを避ける。四年五組なら、うっけの逆回答をカサネが静かに戻す。
FB03-006,FinalBoost_Set03,本番直前・2箇所穴埋め対応関係,2箇所穴埋め,AI基礎,G検定横断領域,対応関係の即答,2空欄補充,直前対策,高,ゲーム探索でミニマックス法は相手も最善手を選ぶと仮定し、αβ法は不要な枝を（　1　）して探索を（　2　）化する。,枝刈り／効率,効率／枝刈り,学習／深層学習,k／影響,A,空欄1は『枝刈り』、空欄2は『効率』。AI基礎では、2語の役割・順番・対象を取り違えないことが重要。,正解。,不適切。『効率／枝刈り』は、この文の空欄1・空欄2の対応と合わない。,不適切。『学習／深層学習』は、この文の空欄1・空欄2の対応と合わない。,不適切。『k／影響』は、この文の空欄1・空欄2の対応と合わない。,2箇所穴埋めは、用語を単独で覚えるより、概念の対応関係・順番・対象を問う。本番では入れ替え選択肢に注意。,AI基礎;枝刈り;効率;2箇所穴埋め;G検定,さいはての未来では、イオが2つの概念の接続を観測して取り違えを避ける。四年五組なら、うっけの逆回答をカサネが静かに戻す。
FB03-007,FinalBoost_Set03,本番直前・2箇所穴埋め対応関係,2箇所穴埋め,AI基礎,G検定横断領域,対応関係の即答,2空欄補充,直前対策,高,知識ベースは事実やルールを蓄え、推論エンジンはそれを使って新しい（　1　）を導く（　2　）である。,結論／仕組み,仕組み／結論,内部／統計,変化／安定性,A,空欄1は『結論』、空欄2は『仕組み』。AI基礎では、2語の役割・順番・対象を取り違えないことが重要。,正解。,不適切。『仕組み／結論』は、この文の空欄1・空欄2の対応と合わない。,不適切。『内部／統計』は、この文の空欄1・空欄2の対応と合わない。,不適切。『変化／安定性』は、この文の空欄1・空欄2の対応と合わない。,2箇所穴埋めは、用語を単独で覚えるより、概念の対応関係・順番・対象を問う。本番では入れ替え選択肢に注意。,AI基礎;結論;仕組み;2箇所穴埋め;G検定,さいはての未来では、イオが2つの概念の接続を観測して取り違えを避ける。四年五組なら、うっけの逆回答をカサネが静かに戻す。
FB03-008,FinalBoost_Set03,本番直前・2箇所穴埋め対応関係,2箇所穴埋め,AI基礎,G検定横断領域,対応関係の即答,2空欄補充,直前対策,高,オントロジーでは概念の上位下位や属性などの（　1　）を表し、知識の（　2　）に役立つ。,関係／共有,共有／関係,境界／変化,次元削減／使わ,A,空欄1は『関係』、空欄2は『共有』。AI基礎では、2語の役割・順番・対象を取り違えないことが重要。,正解。,不適切。『共有／関係』は、この文の空欄1・空欄2の対応と合わない。,不適切。『境界／変化』は、この文の空欄1・空欄2の対応と合わない。,不適切。『次元削減／使わ』は、この文の空欄1・空欄2の対応と合わない。,2箇所穴埋めは、用語を単独で覚えるより、概念の対応関係・順番・対象を問う。本番では入れ替え選択肢に注意。,AI基礎;関係;共有;2箇所穴埋め;G検定,さいはての未来では、イオが2つの概念の接続を観測して取り違えを避ける。四年五組なら、うっけの逆回答をカサネが静かに戻す。
FB03-009,FinalBoost_Set03,本番直前・2箇所穴埋め対応関係,2箇所穴埋め,AI基礎,G検定横断領域,対応関係の即答,2空欄補充,直前対策,高,フレーム問題は、行動後に変わるものと変わらないものをすべて扱う難しさで、現実世界の（　1　）を形式化する（　2　）を示す。,常識／困難,困難／常識,対応／連続,ランダム／変わ,A,空欄1は『常識』、空欄2は『困難』。AI基礎では、2語の役割・順番・対象を取り違えないことが重要。,正解。,不適切。『困難／常識』は、この文の空欄1・空欄2の対応と合わない。,不適切。『対応／連続』は、この文の空欄1・空欄2の対応と合わない。,不適切。『ランダム／変わ』は、この文の空欄1・空欄2の対応と合わない。,2箇所穴埋めは、用語を単独で覚えるより、概念の対応関係・順番・対象を問う。本番では入れ替え選択肢に注意。,AI基礎;常識;困難;2箇所穴埋め;G検定,さいはての未来では、イオが2つの概念の接続を観測して取り違えを避ける。四年五組なら、うっけの逆回答をカサネが静かに戻す。
FB03-010,FinalBoost_Set03,本番直前・2箇所穴埋め対応関係,2箇所穴埋め,AI基礎,G検定横断領域,対応関係の即答,2空欄補充,直前対策,高,シンボルグラウンディング問題は、記号が現実世界の（　1　）と結びつく必要があるという、意味理解の（　2　）に関わる。,対象／問題,問題／対象,構造／次元,シグナル／判断,A,空欄1は『対象』、空欄2は『問題』。AI基礎では、2語の役割・順番・対象を取り違えないことが重要。,正解。,不適切。『問題／対象』は、この文の空欄1・空欄2の対応と合わない。,不適切。『構造／次元』は、この文の空欄1・空欄2の対応と合わない。,不適切。『シグナル／判断』は、この文の空欄1・空欄2の対応と合わない。,2箇所穴埋めは、用語を単独で覚えるより、概念の対応関係・順番・対象を問う。本番では入れ替え選択肢に注意。,AI基礎;対象;問題;2箇所穴埋め;G検定,さいはての未来では、イオが2つの概念の接続を観測して取り違えを避ける。四年五組なら、うっけの逆回答をカサネが静かに戻す。
FB03-011,FinalBoost_Set03,本番直前・2箇所穴埋め対応関係,2箇所穴埋め,AI基礎,G検定横断領域,対応関係の即答,2空欄補充,直前対策,高,強いAIは人間のような（　1　）を持つAIを指し、弱いAIは特定課題を（　2　）する道具としてのAIを指す。,理解／遂行,遂行／理解,ラベルなし／削減,重み／学習,A,空欄1は『理解』、空欄2は『遂行』。AI基礎では、2語の役割・順番・対象を取り違えないことが重要。,正解。,不適切。『遂行／理解』は、この文の空欄1・空欄2の対応と合わない。,不適切。『ラベルなし／削減』は、この文の空欄1・空欄2の対応と合わない。,不適切。『重み／学習』は、この文の空欄1・空欄2の対応と合わない。,2箇所穴埋めは、用語を単独で覚えるより、概念の対応関係・順番・対象を問う。本番では入れ替え選択肢に注意。,AI基礎;理解;遂行;2箇所穴埋め;G検定,さいはての未来では、イオが2つの概念の接続を観測して取り違えを避ける。四年五組なら、うっけの逆回答をカサネが静かに戻す。
FB03-012,FinalBoost_Set03,本番直前・2箇所穴埋め対応関係,2箇所穴埋め,AI基礎,G検定横断領域,対応関係の即答,2空欄補充,直前対策,高,チューリングテストは会話を通じて機械か人間かを判別できないかを見る試験で、知能を（　1　）から評価する（　2　）的考え方である。,振る舞い／外面的,外面的／振る舞い,教師信号／表現,意味／限定,A,空欄1は『振る舞い』、空欄2は『外面的』。AI基礎では、2語の役割・順番・対象を取り違えないことが重要。,正解。,不適切。『外面的／振る舞い』は、この文の空欄1・空欄2の対応と合わない。,不適切。『教師信号／表現』は、この文の空欄1・空欄2の対応と合わない。,不適切。『意味／限定』は、この文の空欄1・空欄2の対応と合わない。,2箇所穴埋めは、用語を単独で覚えるより、概念の対応関係・順番・対象を問う。本番では入れ替え選択肢に注意。,AI基礎;振る舞い;外面的;2箇所穴埋め;G検定,さいはての未来では、イオが2つの概念の接続を観測して取り違えを避ける。四年五組なら、うっけの逆回答をカサネが静かに戻す。
FB03-013,FinalBoost_Set03,本番直前・2箇所穴埋め対応関係,2箇所穴埋め,AI基礎,G検定横断領域,対応関係の即答,2空欄補充,直前対策,高,探索空間が大きいと全探索は計算量が爆発しやすく、経験的な手がかりである（　1　）により探索を（　2　）する。,ヒューリスティック／削減,削減／ヒューリスティック,差／調整,重み／調整,A,空欄1は『ヒューリスティック』、空欄2は『削減』。AI基礎では、2語の役割・順番・対象を取り違えないことが重要。,正解。,不適切。『削減／ヒューリスティック』は、この文の空欄1・空欄2の対応と合わない。,不適切。『差／調整』は、この文の空欄1・空欄2の対応と合わない。,不適切。『重み／調整』は、この文の空欄1・空欄2の対応と合わない。,2箇所穴埋めは、用語を単独で覚えるより、概念の対応関係・順番・対象を問う。本番では入れ替え選択肢に注意。,AI基礎;ヒューリスティック;削減;2箇所穴埋め;G検定,さいはての未来では、イオが2つの概念の接続を観測して取り違えを避ける。四年五組なら、うっけの逆回答をカサネが静かに戻す。
FB03-014,FinalBoost_Set03,本番直前・2箇所穴埋め対応関係,2箇所穴埋め,AI基礎,G検定横断領域,対応関係の即答,2空欄補充,直前対策,高,述語論理では対象と性質・関係を表し、命題論理より（　1　）な知識表現ができるが、推論は（　2　）になり得る。,詳細／複雑,複雑／詳細,汎化性能／早期終了,ランダム／高く,A,空欄1は『詳細』、空欄2は『複雑』。AI基礎では、2語の役割・順番・対象を取り違えないことが重要。,正解。,不適切。『複雑／詳細』は、この文の空欄1・空欄2の対応と合わない。,不適切。『汎化性能／早期終了』は、この文の空欄1・空欄2の対応と合わない。,不適切。『ランダム／高く』は、この文の空欄1・空欄2の対応と合わない。,2箇所穴埋めは、用語を単独で覚えるより、概念の対応関係・順番・対象を問う。本番では入れ替え選択肢に注意。,AI基礎;詳細;複雑;2箇所穴埋め;G検定,さいはての未来では、イオが2つの概念の接続を観測して取り違えを避ける。四年五組なら、うっけの逆回答をカサネが静かに戻す。
FB03-015,FinalBoost_Set03,本番直前・2箇所穴埋め対応関係,2箇所穴埋め,AI基礎,G検定横断領域,対応関係の即答,2空欄補充,直前対策,高,If-Then形式の知識は（　1　）として表しやすく、条件が満たされたときに（　2　）を導く。,ルール／結論,結論／ルール,表現力／不足,効率／削減,A,空欄1は『ルール』、空欄2は『結論』。AI基礎では、2語の役割・順番・対象を取り違えないことが重要。,正解。,不適切。『結論／ルール』は、この文の空欄1・空欄2の対応と合わない。,不適切。『表現力／不足』は、この文の空欄1・空欄2の対応と合わない。,不適切。『効率／削減』は、この文の空欄1・空欄2の対応と合わない。,2箇所穴埋めは、用語を単独で覚えるより、概念の対応関係・順番・対象を問う。本番では入れ替え選択肢に注意。,AI基礎;ルール;結論;2箇所穴埋め;G検定,さいはての未来では、イオが2つの概念の接続を観測して取り違えを避ける。四年五組なら、うっけの逆回答をカサネが静かに戻す。
FB03-016,FinalBoost_Set03,本番直前・2箇所穴埋め対応関係,2箇所穴埋め,AI基礎,G検定横断領域,対応関係の即答,2空欄補充,直前対策,高,セマンティックネットワークでは概念をノード、関係を（　1　）で表し、知識を（　2　）構造にする。,リンク／ネットワーク,ネットワーク／リンク,安定性／独立,学習／タイミング,A,空欄1は『リンク』、空欄2は『ネットワーク』。AI基礎では、2語の役割・順番・対象を取り違えないことが重要。,正解。,不適切。『ネットワーク／リンク』は、この文の空欄1・空欄2の対応と合わない。,不適切。『安定性／独立』は、この文の空欄1・空欄2の対応と合わない。,不適切。『学習／タイミング』は、この文の空欄1・空欄2の対応と合わない。,2箇所穴埋めは、用語を単独で覚えるより、概念の対応関係・順番・対象を問う。本番では入れ替え選択肢に注意。,AI基礎;リンク;ネットワーク;2箇所穴埋め;G検定,さいはての未来では、イオが2つの概念の接続を観測して取り違えを避ける。四年五組なら、うっけの逆回答をカサネが静かに戻す。
FB03-017,FinalBoost_Set03,本番直前・2箇所穴埋め対応関係,2箇所穴埋め,AI基礎,G検定横断領域,対応関係の即答,2空欄補充,直前対策,高,制約充足問題では、変数に値を割り当てながら（　1　）を満たす組合せを探し、探索と（　2　）削減が重要になる。,制約／候補,候補／制約,検証／テスト,関係／監視,A,空欄1は『制約』、空欄2は『候補』。AI基礎では、2語の役割・順番・対象を取り違えないことが重要。,正解。,不適切。『候補／制約』は、この文の空欄1・空欄2の対応と合わない。,不適切。『検証／テスト』は、この文の空欄1・空欄2の対応と合わない。,不適切。『関係／監視』は、この文の空欄1・空欄2の対応と合わない。,2箇所穴埋めは、用語を単独で覚えるより、概念の対応関係・順番・対象を問う。本番では入れ替え選択肢に注意。,AI基礎;制約;候補;2箇所穴埋め;G検定,さいはての未来では、イオが2つの概念の接続を観測して取り違えを避ける。四年五組なら、うっけの逆回答をカサネが静かに戻す。
FB03-018,FinalBoost_Set03,本番直前・2箇所穴埋め対応関係,2箇所穴埋め,AI基礎,G検定横断領域,対応関係の即答,2空欄補充,直前対策,高,機械翻訳や画像認識の進歩は、手作りルールだけでなく大量データから特徴を（　1　）する機械学習、特に（　2　）の発展と関係が深い。,学習／深層学習,深層学習／学習,再現率／適合率,理由／根拠,A,空欄1は『学習』、空欄2は『深層学習』。AI基礎では、2語の役割・順番・対象を取り違えないことが重要。,正解。,不適切。『深層学習／学習』は、この文の空欄1・空欄2の対応と合わない。,不適切。『再現率／適合率』は、この文の空欄1・空欄2の対応と合わない。,不適切。『理由／根拠』は、この文の空欄1・空欄2の対応と合わない。,2箇所穴埋めは、用語を単独で覚えるより、概念の対応関係・順番・対象を問う。本番では入れ替え選択肢に注意。,AI基礎;学習;深層学習;2箇所穴埋め;G検定,さいはての未来では、イオが2つの概念の接続を観測して取り違えを避ける。四年五組なら、うっけの逆回答をカサネが静かに戻す。
FB03-019,FinalBoost_Set03,本番直前・2箇所穴埋め対応関係,2箇所穴埋め,AI基礎,G検定横断領域,対応関係の即答,2空欄補充,直前対策,高,古典AIでは明示的な知識表現が重視され、現代の機械学習ではデータから（　1　）表現を得る（　2　）的手法が多い。,内部／統計,統計／内部,調和／算術,保証／検証,A,空欄1は『内部』、空欄2は『統計』。AI基礎では、2語の役割・順番・対象を取り違えないことが重要。,正解。,不適切。『統計／内部』は、この文の空欄1・空欄2の対応と合わない。,不適切。『調和／算術』は、この文の空欄1・空欄2の対応と合わない。,不適切。『保証／検証』は、この文の空欄1・空欄2の対応と合わない。,2箇所穴埋めは、用語を単独で覚えるより、概念の対応関係・順番・対象を問う。本番では入れ替え選択肢に注意。,AI基礎;内部;統計;2箇所穴埋め;G検定,さいはての未来では、イオが2つの概念の接続を観測して取り違えを避ける。四年五組なら、うっけの逆回答をカサネが静かに戻す。
FB03-020,FinalBoost_Set03,本番直前・2箇所穴埋め対応関係,2箇所穴埋め,AI基礎,G検定横断領域,対応関係の即答,2空欄補充,直前対策,高,AI効果とは、一度AIで実現されるとそれは知能ではないと見なされがちな現象で、AIの（　1　）が時代とともに（　2　）することを示す。,境界／変化,変化／境界,面積／高い,適合／解釈,A,空欄1は『境界』、空欄2は『変化』。AI基礎では、2語の役割・順番・対象を取り違えないことが重要。,正解。,不適切。『変化／境界』は、この文の空欄1・空欄2の対応と合わない。,不適切。『面積／高い』は、この文の空欄1・空欄2の対応と合わない。,不適切。『適合／解釈』は、この文の空欄1・空欄2の対応と合わない。,2箇所穴埋めは、用語を単独で覚えるより、概念の対応関係・順番・対象を問う。本番では入れ替え選択肢に注意。,AI基礎;境界;変化;2箇所穴埋め;G検定,さいはての未来では、イオが2つの概念の接続を観測して取り違えを避ける。四年五組なら、うっけの逆回答をカサネが静かに戻す。
FB03-021,FinalBoost_Set03,本番直前・2箇所穴埋め対応関係,2箇所穴埋め,機械学習,G検定横断領域,対応関係の即答,2空欄補充,直前対策,高,教師あり学習では特徴量から正解ラベルへの（　1　）を学び、分類は離散値、回帰は（　2　）値を予測する。,対応／連続,連続／対応,少ない／有用,速度／費用,A,空欄1は『対応』、空欄2は『連続』。機械学習では、2語の役割・順番・対象を取り違えないことが重要。,正解。,不適切。『連続／対応』は、この文の空欄1・空欄2の対応と合わない。,不適切。『少ない／有用』は、この文の空欄1・空欄2の対応と合わない。,不適切。『速度／費用』は、この文の空欄1・空欄2の対応と合わない。,2箇所穴埋めは、用語を単独で覚えるより、概念の対応関係・順番・対象を問う。本番では入れ替え選択肢に注意。,機械学習;対応;連続;2箇所穴埋め;G検定,さいはての未来では、イオが2つの概念の接続を観測して取り違えを避ける。四年五組なら、うっけの逆回答をカサネが静かに戻す。
FB03-022,FinalBoost_Set03,本番直前・2箇所穴埋め対応関係,2箇所穴埋め,機械学習,G検定横断領域,対応関係の即答,2空欄補充,直前対策,高,教師なし学習では正解ラベルなしにデータの（　1　）を見つけ、クラスタリングや（　2　）削減が代表例である。,構造／次元,次元／構造,偽陰性／偽陽性,記録／再現,A,空欄1は『構造』、空欄2は『次元』。機械学習では、2語の役割・順番・対象を取り違えないことが重要。,正解。,不適切。『次元／構造』は、この文の空欄1・空欄2の対応と合わない。,不適切。『偽陰性／偽陽性』は、この文の空欄1・空欄2の対応と合わない。,不適切。『記録／再現』は、この文の空欄1・空欄2の対応と合わない。,2箇所穴埋めは、用語を単独で覚えるより、概念の対応関係・順番・対象を問う。本番では入れ替え選択肢に注意。,機械学習;構造;次元;2箇所穴埋め;G検定,さいはての未来では、イオが2つの概念の接続を観測して取り違えを避ける。四年五組なら、うっけの逆回答をカサネが静かに戻す。
FB03-023,FinalBoost_Set03,本番直前・2箇所穴埋め対応関係,2箇所穴埋め,機械学習,G検定横断領域,対応関係の即答,2空欄補充,直前対策,高,半教師あり学習では少量のラベル付きデータと大量の（　1　）データを使い、ラベル付けコストを（　2　）する狙いがある。,ラベルなし／削減,削減／ラベルなし,減少／増加,非線形性／表現,A,空欄1は『ラベルなし』、空欄2は『削減』。機械学習では、2語の役割・順番・対象を取り違えないことが重要。,正解。,不適切。『削減／ラベルなし』は、この文の空欄1・空欄2の対応と合わない。,不適切。『減少／増加』は、この文の空欄1・空欄2の対応と合わない。,不適切。『非線形性／表現』は、この文の空欄1・空欄2の対応と合わない。,2箇所穴埋めは、用語を単独で覚えるより、概念の対応関係・順番・対象を問う。本番では入れ替え選択肢に注意。,機械学習;ラベルなし;削減;2箇所穴埋め;G検定,さいはての未来では、イオが2つの概念の接続を観測して取り違えを避ける。四年五組なら、うっけの逆回答をカサネが静かに戻す。
FB03-024,FinalBoost_Set03,本番直前・2箇所穴埋め対応関係,2箇所穴埋め,機械学習,G検定横断領域,対応関係の即答,2空欄補充,直前対策,高,自己教師あり学習はデータ自身から擬似的な（　1　）を作り、下流タスクに使える（　2　）を学習する。,教師信号／表現,表現／教師信号,適合率／再現率,小さくなる／幅,A,空欄1は『教師信号』、空欄2は『表現』。機械学習では、2語の役割・順番・対象を取り違えないことが重要。,正解。,不適切。『表現／教師信号』は、この文の空欄1・空欄2の対応と合わない。,不適切。『適合率／再現率』は、この文の空欄1・空欄2の対応と合わない。,不適切。『小さくなる／幅』は、この文の空欄1・空欄2の対応と合わない。,2箇所穴埋めは、用語を単独で覚えるより、概念の対応関係・順番・対象を問う。本番では入れ替え選択肢に注意。,機械学習;教師信号;表現;2箇所穴埋め;G検定,さいはての未来では、イオが2つの概念の接続を観測して取り違えを避ける。四年五組なら、うっけの逆回答をカサネが静かに戻す。
FB03-025,FinalBoost_Set03,本番直前・2箇所穴埋め対応関係,2箇所穴埋め,機械学習,G検定横断領域,対応関係の即答,2空欄補充,直前対策,高,転移学習では別領域で学んだ特徴表現を利用し、対象領域との（　1　）が大きい場合は追加評価や（　2　）が必要になる。,差／調整,調整／差,強く／敏感,伝播／勾配,A,空欄1は『差』、空欄2は『調整』。機械学習では、2語の役割・順番・対象を取り違えないことが重要。,正解。,不適切。『調整／差』は、この文の空欄1・空欄2の対応と合わない。,不適切。『強く／敏感』は、この文の空欄1・空欄2の対応と合わない。,不適切。『伝播／勾配』は、この文の空欄1・空欄2の対応と合わない。,2箇所穴埋めは、用語を単独で覚えるより、概念の対応関係・順番・対象を問う。本番では入れ替え選択肢に注意。,機械学習;差;調整;2箇所穴埋め;G検定,さいはての未来では、イオが2つの概念の接続を観測して取り違えを避ける。四年五組なら、うっけの逆回答をカサネが静かに戻す。
FB03-026,FinalBoost_Set03,本番直前・2箇所穴埋め対応関係,2箇所穴埋め,機械学習,G検定横断領域,対応関係の即答,2空欄補充,直前対策,高,過学習は訓練データへの適合が強すぎる状態で、未知データへの（　1　）が下がるため、正則化や（　2　）を使う。,汎化性能／早期終了,早期終了／汎化性能,特徴量／関係,不安定／制限,A,空欄1は『汎化性能』、空欄2は『早期終了』。機械学習では、2語の役割・順番・対象を取り違えないことが重要。,正解。,不適切。『早期終了／汎化性能』は、この文の空欄1・空欄2の対応と合わない。,不適切。『特徴量／関係』は、この文の空欄1・空欄2の対応と合わない。,不適切。『不安定／制限』は、この文の空欄1・空欄2の対応と合わない。,2箇所穴埋めは、用語を単独で覚えるより、概念の対応関係・順番・対象を問う。本番では入れ替え選択肢に注意。,機械学習;汎化性能;早期終了;2箇所穴埋め;G検定,さいはての未来では、イオが2つの概念の接続を観測して取り違えを避ける。四年五組なら、うっけの逆回答をカサネが静かに戻す。
FB03-027,FinalBoost_Set03,本番直前・2箇所穴埋め対応関係,2箇所穴埋め,機械学習,G検定横断領域,対応関係の即答,2空欄補充,直前対策,高,未学習はモデルが訓練データのパターンも十分捉えられない状態で、モデルの（　1　）不足や特徴量の（　2　）が原因になり得る。,表現力／不足,不足／表現力,順序／避け,パラメータ数／局所性,A,空欄1は『表現力』、空欄2は『不足』。機械学習では、2語の役割・順番・対象を取り違えないことが重要。,正解。,不適切。『不足／表現力』は、この文の空欄1・空欄2の対応と合わない。,不適切。『順序／避け』は、この文の空欄1・空欄2の対応と合わない。,不適切。『パラメータ数／局所性』は、この文の空欄1・空欄2の対応と合わない。,2箇所穴埋めは、用語を単独で覚えるより、概念の対応関係・順番・対象を問う。本番では入れ替え選択肢に注意。,機械学習;表現力;不足;2箇所穴埋め;G検定,さいはての未来では、イオが2つの概念の接続を観測して取り違えを避ける。四年五組なら、うっけの逆回答をカサネが静かに戻す。
FB03-028,FinalBoost_Set03,本番直前・2箇所穴埋め対応関係,2箇所穴埋め,機械学習,G検定横断領域,対応関係の即答,2空欄補充,直前対策,高,交差検証はデータ分割を変えて評価を繰り返し、性能の（　1　）を確認するが、最終確認用のテストデータは（　2　）に保つ。,安定性／独立,独立／安定性,範囲／スケール,最大／頑健性,A,空欄1は『安定性』、空欄2は『独立』。機械学習では、2語の役割・順番・対象を取り違えないことが重要。,正解。,不適切。『独立／安定性』は、この文の空欄1・空欄2の対応と合わない。,不適切。『範囲／スケール』は、この文の空欄1・空欄2の対応と合わない。,不適切。『最大／頑健性』は、この文の空欄1・空欄2の対応と合わない。,2箇所穴埋めは、用語を単独で覚えるより、概念の対応関係・順番・対象を問う。本番では入れ替え選択肢に注意。,機械学習;安定性;独立;2箇所穴埋め;G検定,さいはての未来では、イオが2つの概念の接続を観測して取り違えを避ける。四年五組なら、うっけの逆回答をカサネが静かに戻す。
FB03-029,FinalBoost_Set03,本番直前・2箇所穴埋め対応関係,2箇所穴埋め,機械学習,G検定横断領域,対応関係の即答,2空欄補充,直前対策,高,ホールドアウト法ではデータを訓練・検証・テストに分け、モデル調整に（　1　）データ、最終評価に（　2　）データを使う。,検証／テスト,テスト／検証,過学習／安定性,ゲート／忘却,A,空欄1は『検証』、空欄2は『テスト』。機械学習では、2語の役割・順番・対象を取り違えないことが重要。,正解。,不適切。『テスト／検証』は、この文の空欄1・空欄2の対応と合わない。,不適切。『過学習／安定性』は、この文の空欄1・空欄2の対応と合わない。,不適切。『ゲート／忘却』は、この文の空欄1・空欄2の対応と合わない。,2箇所穴埋めは、用語を単独で覚えるより、概念の対応関係・順番・対象を問う。本番では入れ替え選択肢に注意。,機械学習;検証;テスト;2箇所穴埋め;G検定,さいはての未来では、イオが2つの概念の接続を観測して取り違えを避ける。四年五組なら、うっけの逆回答をカサネが静かに戻す。
FB03-030,FinalBoost_Set03,本番直前・2箇所穴埋め対応関係,2箇所穴埋め,機械学習,G検定横断領域,対応関係の即答,2空欄補充,直前対策,高,正例が少ない不正検知では、正解率だけでなく、正例をどれだけ拾えたかを示す（　1　）と、警報の正しさを示す（　2　）を見る。,再現率／適合率,適合率／再現率,補正／アンサンブル,出力／要約,A,空欄1は『再現率』、空欄2は『適合率』。機械学習では、2語の役割・順番・対象を取り違えないことが重要。,正解。,不適切。『適合率／再現率』は、この文の空欄1・空欄2の対応と合わない。,不適切。『補正／アンサンブル』は、この文の空欄1・空欄2の対応と合わない。,不適切。『出力／要約』は、この文の空欄1・空欄2の対応と合わない。,2箇所穴埋めは、用語を単独で覚えるより、概念の対応関係・順番・対象を問う。本番では入れ替え選択肢に注意。,機械学習;再現率;適合率;2箇所穴埋め;G検定,さいはての未来では、イオが2つの概念の接続を観測して取り違えを避ける。四年五組なら、うっけの逆回答をカサネが静かに戻す。
FB03-031,FinalBoost_Set03,本番直前・2箇所穴埋め対応関係,2箇所穴埋め,機械学習,G検定横断領域,対応関係の即答,2空欄補充,直前対策,高,適合率と再現率のバランスを見るF値は、両者の（　1　）平均であり、単純な（　2　）平均ではない。,調和／算術,算術／調和,写像／非線形,重み付け／注目,A,空欄1は『調和』、空欄2は『算術』。機械学習では、2語の役割・順番・対象を取り違えないことが重要。,正解。,不適切。『算術／調和』は、この文の空欄1・空欄2の対応と合わない。,不適切。『写像／非線形』は、この文の空欄1・空欄2の対応と合わない。,不適切。『重み付け／注目』は、この文の空欄1・空欄2の対応と合わない。,2箇所穴埋めは、用語を単独で覚えるより、概念の対応関係・順番・対象を問う。本番では入れ替え選択肢に注意。,機械学習;調和;算術;2箇所穴埋め;G検定,さいはての未来では、イオが2つの概念の接続を観測して取り違えを避ける。四年五組なら、うっけの逆回答をカサネが静かに戻す。
FB03-032,FinalBoost_Set03,本番直前・2箇所穴埋め対応関係,2箇所穴埋め,機械学習,G検定横断領域,対応関係の即答,2空欄補充,直前対策,高,ROC曲線は偽陽性率と真陽性率の関係を示し、AUCはその曲線の（　1　）で、値が大きいほど識別性能が（　2　）とされる。,面積／高い,高い／面積,k／影響,扱い／増加,A,空欄1は『面積』、空欄2は『高い』。機械学習では、2語の役割・順番・対象を取り違えないことが重要。,正解。,不適切。『高い／面積』は、この文の空欄1・空欄2の対応と合わない。,不適切。『k／影響』は、この文の空欄1・空欄2の対応と合わない。,不適切。『扱い／増加』は、この文の空欄1・空欄2の対応と合わない。,2箇所穴埋めは、用語を単独で覚えるより、概念の対応関係・順番・対象を問う。本番では入れ替え選択肢に注意。,機械学習;面積;高い;2箇所穴埋め;G検定,さいはての未来では、イオが2つの概念の接続を観測して取り違えを避ける。四年五組なら、うっけの逆回答をカサネが静かに戻す。
FB03-033,FinalBoost_Set03,本番直前・2箇所穴埋め対応関係,2箇所穴埋め,機械学習,G検定横断領域,対応関係の即答,2空欄補充,直前対策,高,PR曲線は適合率と再現率の関係を示し、陽性が（　1　）な不均衡データで特に（　2　）になる。,少ない／有用,有用／少ない,変化／安定性,分解／調整,A,空欄1は『少ない』、空欄2は『有用』。機械学習では、2語の役割・順番・対象を取り違えないことが重要。,正解。,不適切。『有用／少ない』は、この文の空欄1・空欄2の対応と合わない。,不適切。『変化／安定性』は、この文の空欄1・空欄2の対応と合わない。,不適切。『分解／調整』は、この文の空欄1・空欄2の対応と合わない。,2箇所穴埋めは、用語を単独で覚えるより、概念の対応関係・順番・対象を問う。本番では入れ替え選択肢に注意。,機械学習;少ない;有用;2箇所穴埋め;G検定,さいはての未来では、イオが2つの概念の接続を観測して取り違えを避ける。四年五組なら、うっけの逆回答をカサネが静かに戻す。
FB03-034,FinalBoost_Set03,本番直前・2箇所穴埋め対応関係,2箇所穴埋め,機械学習,G検定横断領域,対応関係の即答,2空欄補充,直前対策,高,混同行列では、実際の陽性を陰性と誤る（　1　）と、実際の陰性を陽性と誤る（　2　）を区別する。,偽陰性／偽陽性,偽陽性／偽陰性,次元削減／使わ,予測／生成,A,空欄1は『偽陰性』、空欄2は『偽陽性』。機械学習では、2語の役割・順番・対象を取り違えないことが重要。,正解。,不適切。『偽陽性／偽陰性』は、この文の空欄1・空欄2の対応と合わない。,不適切。『次元削減／使わ』は、この文の空欄1・空欄2の対応と合わない。,不適切。『予測／生成』は、この文の空欄1・空欄2の対応と合わない。,2箇所穴埋めは、用語を単独で覚えるより、概念の対応関係・順番・対象を問う。本番では入れ替え選択肢に注意。,機械学習;偽陰性;偽陽性;2箇所穴埋め;G検定,さいはての未来では、イオが2つの概念の接続を観測して取り違えを避ける。四年五組なら、うっけの逆回答をカサネが静かに戻す。
FB03-035,FinalBoost_Set03,本番直前・2箇所穴埋め対応関係,2箇所穴埋め,機械学習,G検定横断領域,対応関係の即答,2空欄補充,直前対策,高,閾値を下げると陽性判定が増え、見逃しは（　1　）しやすいが、誤検知は（　2　）しやすい。,減少／増加,増加／減少,ランダム／変わ,予測／表現,A,空欄1は『減少』、空欄2は『増加』。機械学習では、2語の役割・順番・対象を取り違えないことが重要。,正解。,不適切。『増加／減少』は、この文の空欄1・空欄2の対応と合わない。,不適切。『ランダム／変わ』は、この文の空欄1・空欄2の対応と合わない。,不適切。『予測／表現』は、この文の空欄1・空欄2の対応と合わない。,2箇所穴埋めは、用語を単独で覚えるより、概念の対応関係・順番・対象を問う。本番では入れ替え選択肢に注意。,機械学習;減少;増加;2箇所穴埋め;G検定,さいはての未来では、イオが2つの概念の接続を観測して取り違えを避ける。四年五組なら、うっけの逆回答をカサネが静かに戻す。
FB03-036,FinalBoost_Set03,本番直前・2箇所穴埋め対応関係,2箇所穴埋め,機械学習,G検定横断領域,対応関係の即答,2空欄補充,直前対策,高,回帰モデルでは、予測値と実測値の差を測るMAEやRMSEを使い、分類の（　1　）や（　2　）をそのまま主指標にはしない。,適合率／再現率,再現率／適合率,シグナル／判断,デコーダ／予測,A,空欄1は『適合率』、空欄2は『再現率』。機械学習では、2語の役割・順番・対象を取り違えないことが重要。,正解。,不適切。『再現率／適合率』は、この文の空欄1・空欄2の対応と合わない。,不適切。『シグナル／判断』は、この文の空欄1・空欄2の対応と合わない。,不適切。『デコーダ／予測』は、この文の空欄1・空欄2の対応と合わない。,2箇所穴埋めは、用語を単独で覚えるより、概念の対応関係・順番・対象を問う。本番では入れ替え選択肢に注意。,機械学習;適合率;再現率;2箇所穴埋め;G検定,さいはての未来では、イオが2つの概念の接続を観測して取り違えを避ける。四年五組なら、うっけの逆回答をカサネが静かに戻す。
FB03-037,FinalBoost_Set03,本番直前・2箇所穴埋め対応関係,2箇所穴埋め,機械学習,G検定横断領域,対応関係の即答,2空欄補充,直前対策,高,MAEは絶対誤差の平均で、RMSEは二乗誤差を使うため大きな誤差の影響を（　1　）受けやすく、外れ値に（　2　）である。,強く／敏感,敏感／強く,重み／学習,距離／推薦,A,空欄1は『強く』、空欄2は『敏感』。機械学習では、2語の役割・順番・対象を取り違えないことが重要。,正解。,不適切。『敏感／強く』は、この文の空欄1・空欄2の対応と合わない。,不適切。『重み／学習』は、この文の空欄1・空欄2の対応と合わない。,不適切。『距離／推薦』は、この文の空欄1・空欄2の対応と合わない。,2箇所穴埋めは、用語を単独で覚えるより、概念の対応関係・順番・対象を問う。本番では入れ替え選択肢に注意。,機械学習;強く;敏感;2箇所穴埋め;G検定,さいはての未来では、イオが2つの概念の接続を観測して取り違えを避ける。四年五組なら、うっけの逆回答をカサネが静かに戻す。
FB03-038,FinalBoost_Set03,本番直前・2箇所穴埋め対応関係,2箇所穴埋め,機械学習,G検定横断領域,対応関係の即答,2空欄補充,直前対策,高,特徴量エンジニアリングでは、業務知識から有用な（　1　）を作り、目的変数との（　2　）を検討する。,特徴量／関係,関係／特徴量,意味／限定,変換／候補,A,空欄1は『特徴量』、空欄2は『関係』。機械学習では、2語の役割・順番・対象を取り違えないことが重要。,正解。,不適切。『関係／特徴量』は、この文の空欄1・空欄2の対応と合わない。,不適切。『意味／限定』は、この文の空欄1・空欄2の対応と合わない。,不適切。『変換／候補』は、この文の空欄1・空欄2の対応と合わない。,2箇所穴埋めは、用語を単独で覚えるより、概念の対応関係・順番・対象を問う。本番では入れ替え選択肢に注意。,機械学習;特徴量;関係;2箇所穴埋め;G検定,さいはての未来では、イオが2つの概念の接続を観測して取り違えを避ける。四年五組なら、うっけの逆回答をカサネが静かに戻す。
FB03-039,FinalBoost_Set03,本番直前・2箇所穴埋め対応関係,2箇所穴埋め,機械学習,G検定横断領域,対応関係の即答,2空欄補充,直前対策,高,ラベルエンコーディングはカテゴリに数値を割り当てるが、不要な（　1　）関係を入れる恐れがあり、one-hotはそれを（　2　）しやすい。,順序／避け,避け／順序,重み／調整,RAG／知識,A,空欄1は『順序』、空欄2は『避け』。機械学習では、2語の役割・順番・対象を取り違えないことが重要。,正解。,不適切。『避け／順序』は、この文の空欄1・空欄2の対応と合わない。,不適切。『重み／調整』は、この文の空欄1・空欄2の対応と合わない。,不適切。『RAG／知識』は、この文の空欄1・空欄2の対応と合わない。,2箇所穴埋めは、用語を単独で覚えるより、概念の対応関係・順番・対象を問う。本番では入れ替え選択肢に注意。,機械学習;順序;避け;2箇所穴埋め;G検定,さいはての未来では、イオが2つの概念の接続を観測して取り違えを避ける。四年五組なら、うっけの逆回答をカサネが静かに戻す。
FB03-040,FinalBoost_Set03,本番直前・2箇所穴埋め対応関係,2箇所穴埋め,機械学習,G検定横断領域,対応関係の即答,2空欄補充,直前対策,高,データの標準化は平均0・標準偏差1へ変換し、正規化は値の（　1　）をそろえる処理で、どちらも特徴量の（　2　）を調整する。,範囲／スケール,スケール／範囲,ランダム／高く,過学習／モデル,A,空欄1は『範囲』、空欄2は『スケール』。機械学習では、2語の役割・順番・対象を取り違えないことが重要。,正解。,不適切。『スケール／範囲』は、この文の空欄1・空欄2の対応と合わない。,不適切。『ランダム／高く』は、この文の空欄1・空欄2の対応と合わない。,不適切。『過学習／モデル』は、この文の空欄1・空欄2の対応と合わない。,2箇所穴埋めは、用語を単独で覚えるより、概念の対応関係・順番・対象を問う。本番では入れ替え選択肢に注意。,機械学習;範囲;スケール;2箇所穴埋め;G検定,さいはての未来では、イオが2つの概念の接続を観測して取り違えを避ける。四年五組なら、うっけの逆回答をカサネが静かに戻す。
FB03-041,FinalBoost_Set03,本番直前・2箇所穴埋め対応関係,2箇所穴埋め,機械学習,G検定横断領域,対応関係の即答,2空欄補充,直前対策,高,決定木は解釈しやすいが深くしすぎると（　1　）しやすく、ランダムフォレストは複数木で（　2　）を高める。,過学習／安定性,安定性／過学習,効率／削減,出力／別物,A,空欄1は『過学習』、空欄2は『安定性』。機械学習では、2語の役割・順番・対象を取り違えないことが重要。,正解。,不適切。『安定性／過学習』は、この文の空欄1・空欄2の対応と合わない。,不適切。『効率／削減』は、この文の空欄1・空欄2の対応と合わない。,不適切。『出力／別物』は、この文の空欄1・空欄2の対応と合わない。,2箇所穴埋めは、用語を単独で覚えるより、概念の対応関係・順番・対象を問う。本番では入れ替え選択肢に注意。,機械学習;過学習;安定性;2箇所穴埋め;G検定,さいはての未来では、イオが2つの概念の接続を観測して取り違えを避ける。四年五組なら、うっけの逆回答をカサネが静かに戻す。
FB03-042,FinalBoost_Set03,本番直前・2箇所穴埋め対応関係,2箇所穴埋め,機械学習,G検定横断領域,対応関係の即答,2空欄補充,直前対策,高,勾配ブースティングは弱い学習器を順に追加し、前の誤りを（　1　）する形で性能を高める（　2　）手法である。,補正／アンサンブル,アンサンブル／補正,学習／タイミング,例／推論,A,空欄1は『補正』、空欄2は『アンサンブル』。機械学習では、2語の役割・順番・対象を取り違えないことが重要。,正解。,不適切。『アンサンブル／補正』は、この文の空欄1・空欄2の対応と合わない。,不適切。『学習／タイミング』は、この文の空欄1・空欄2の対応と合わない。,不適切。『例／推論』は、この文の空欄1・空欄2の対応と合わない。,2箇所穴埋めは、用語を単独で覚えるより、概念の対応関係・順番・対象を問う。本番では入れ替え選択肢に注意。,機械学習;補正;アンサンブル;2箇所穴埋め;G検定,さいはての未来では、イオが2つの概念の接続を観測して取り違えを避ける。四年五組なら、うっけの逆回答をカサネが静かに戻す。
FB03-043,FinalBoost_Set03,本番直前・2箇所穴埋め対応関係,2箇所穴埋め,機械学習,G検定横断領域,対応関係の即答,2空欄補充,直前対策,高,SVMはマージン最大化が特徴で、カーネル法を使うと入力を高次元へ（　1　）したかのように扱い、（　2　）境界を作れる。,写像／非線形,非線形／写像,関係／監視,安定／多様,A,空欄1は『写像』、空欄2は『非線形』。機械学習では、2語の役割・順番・対象を取り違えないことが重要。,正解。,不適切。『非線形／写像』は、この文の空欄1・空欄2の対応と合わない。,不適切。『関係／監視』は、この文の空欄1・空欄2の対応と合わない。,不適切。『安定／多様』は、この文の空欄1・空欄2の対応と合わない。,2箇所穴埋めは、用語を単独で覚えるより、概念の対応関係・順番・対象を問う。本番では入れ替え選択肢に注意。,機械学習;写像;非線形;2箇所穴埋め;G検定,さいはての未来では、イオが2つの概念の接続を観測して取り違えを避ける。四年五組なら、うっけの逆回答をカサネが静かに戻す。
FB03-044,FinalBoost_Set03,本番直前・2箇所穴埋め対応関係,2箇所穴埋め,機械学習,G検定横断領域,対応関係の即答,2空欄補充,直前対策,高,k近傍法は近くのデータ点のラベルを使う単純な方法で、距離尺度や（　1　）の選び方に性能が（　2　）される。,k／影響,影響／k,理由／根拠,制限／安定性,A,空欄1は『k』、空欄2は『影響』。機械学習では、2語の役割・順番・対象を取り違えないことが重要。,正解。,不適切。『影響／k』は、この文の空欄1・空欄2の対応と合わない。,不適切。『理由／根拠』は、この文の空欄1・空欄2の対応と合わない。,不適切。『制限／安定性』は、この文の空欄1・空欄2の対応と合わない。,2箇所穴埋めは、用語を単独で覚えるより、概念の対応関係・順番・対象を問う。本番では入れ替え選択肢に注意。,機械学習;k;影響;2箇所穴埋め;G検定,さいはての未来では、イオが2つの概念の接続を観測して取り違えを避ける。四年五組なら、うっけの逆回答をカサネが静かに戻す。
FB03-045,FinalBoost_Set03,本番直前・2箇所穴埋め対応関係,2箇所穴埋め,機械学習,G検定横断領域,対応関係の即答,2空欄補充,直前対策,高,k-meansではクラスタ数kを事前に決める必要があり、重心の初期値によって結果が（　1　）するため、複数回実行で（　2　）を確認する。,変化／安定性,安定性／変化,保証／検証,根拠／確認,A,空欄1は『変化』、空欄2は『安定性』。機械学習では、2語の役割・順番・対象を取り違えないことが重要。,正解。,不適切。『安定性／変化』は、この文の空欄1・空欄2の対応と合わない。,不適切。『保証／検証』は、この文の空欄1・空欄2の対応と合わない。,不適切。『根拠／確認』は、この文の空欄1・空欄2の対応と合わない。,2箇所穴埋めは、用語を単独で覚えるより、概念の対応関係・順番・対象を問う。本番では入れ替え選択肢に注意。,機械学習;変化;安定性;2箇所穴埋め;G検定,さいはての未来では、イオが2つの概念の接続を観測して取り違えを避ける。四年五組なら、うっけの逆回答をカサネが静かに戻す。
FB03-046,FinalBoost_Set03,本番直前・2箇所穴埋め対応関係,2箇所穴埋め,機械学習,G検定横断領域,対応関係の即答,2空欄補充,直前対策,高,主成分分析は分散を最大にする軸を取り、特徴量間の相関を利用して（　1　）を行うが、教師ラベルは（　2　）ない。,次元削減／使わ,使わ／次元削減,適合／解釈,生成／評価,A,空欄1は『次元削減』、空欄2は『使わ』。機械学習では、2語の役割・順番・対象を取り違えないことが重要。,正解。,不適切。『使わ／次元削減』は、この文の空欄1・空欄2の対応と合わない。,不適切。『適合／解釈』は、この文の空欄1・空欄2の対応と合わない。,不適切。『生成／評価』は、この文の空欄1・空欄2の対応と合わない。,2箇所穴埋めは、用語を単独で覚えるより、概念の対応関係・順番・対象を問う。本番では入れ替え選択肢に注意。,機械学習;次元削減;使わ;2箇所穴埋め;G検定,さいはての未来では、イオが2つの概念の接続を観測して取り違えを避ける。四年五組なら、うっけの逆回答をカサネが静かに戻す。
FB03-047,FinalBoost_Set03,本番直前・2箇所穴埋め対応関係,2箇所穴埋め,機械学習,G検定横断領域,対応関係の即答,2空欄補充,直前対策,高,欠測値処理では、単純削除・補完・欠測フラグ追加などがあり、欠測が（　1　）かどうかで適切な処理が（　2　）る。,ランダム／変わ,変わ／ランダム,速度／費用,検索／含め,A,空欄1は『ランダム』、空欄2は『変わ』。機械学習では、2語の役割・順番・対象を取り違えないことが重要。,正解。,不適切。『変わ／ランダム』は、この文の空欄1・空欄2の対応と合わない。,不適切。『速度／費用』は、この文の空欄1・空欄2の対応と合わない。,不適切。『検索／含め』は、この文の空欄1・空欄2の対応と合わない。,2箇所穴埋めは、用語を単独で覚えるより、概念の対応関係・順番・対象を問う。本番では入れ替え選択肢に注意。,機械学習;ランダム;変わ;2箇所穴埋め;G検定,さいはての未来では、イオが2つの概念の接続を観測して取り違えを避ける。四年五組なら、うっけの逆回答をカサネが静かに戻す。
FB03-048,FinalBoost_Set03,本番直前・2箇所穴埋め対応関係,2箇所穴埋め,機械学習,G検定横断領域,対応関係の即答,2空欄補充,直前対策,高,外れ値は測定ミスの場合は除外候補だが、異常検知では重要な（　1　）であるため、文脈に応じて（　2　）する。,シグナル／判断,判断／シグナル,記録／再現,指示乗っ取り／データ,A,空欄1は『シグナル』、空欄2は『判断』。機械学習では、2語の役割・順番・対象を取り違えないことが重要。,正解。,不適切。『判断／シグナル』は、この文の空欄1・空欄2の対応と合わない。,不適切。『記録／再現』は、この文の空欄1・空欄2の対応と合わない。,不適切。『指示乗っ取り／データ』は、この文の空欄1・空欄2の対応と合わない。,2箇所穴埋めは、用語を単独で覚えるより、概念の対応関係・順番・対象を問う。本番では入れ替え選択肢に注意。,機械学習;シグナル;判断;2箇所穴埋め;G検定,さいはての未来では、イオが2つの概念の接続を観測して取り違えを避ける。四年五組なら、うっけの逆回答をカサネが静かに戻す。
FB03-049,FinalBoost_Set03,本番直前・2箇所穴埋め対応関係,2箇所穴埋め,機械学習,G検定横断領域,対応関係の即答,2空欄補充,直前対策,高,クラス重み付けは少数クラスの誤分類に大きな（　1　）を与え、不均衡データでモデルの（　2　）を調整する。,重み／学習,学習／重み,非線形性／表現,分離／人間,A,空欄1は『重み』、空欄2は『学習』。機械学習では、2語の役割・順番・対象を取り違えないことが重要。,正解。,不適切。『学習／重み』は、この文の空欄1・空欄2の対応と合わない。,不適切。『非線形性／表現』は、この文の空欄1・空欄2の対応と合わない。,不適切。『分離／人間』は、この文の空欄1・空欄2の対応と合わない。,2箇所穴埋めは、用語を単独で覚えるより、概念の対応関係・順番・対象を問う。本番では入れ替え選択肢に注意。,機械学習;重み;学習;2箇所穴埋め;G検定,さいはての未来では、イオが2つの概念の接続を観測して取り違えを避ける。四年五組なら、うっけの逆回答をカサネが静かに戻す。
FB03-050,FinalBoost_Set03,本番直前・2箇所穴埋め対応関係,2箇所穴埋め,機械学習,G検定横断領域,対応関係の即答,2空欄補充,直前対策,高,データ拡張は訓練データの見かけの多様性を増やし、画像では反転や回転などを使うが、ラベルの（　1　）を保つ操作に（　2　）する。,意味／限定,限定／意味,小さくなる／幅,スキーマ／検出,A,空欄1は『意味』、空欄2は『限定』。機械学習では、2語の役割・順番・対象を取り違えないことが重要。,正解。,不適切。『限定／意味』は、この文の空欄1・空欄2の対応と合わない。,不適切。『小さくなる／幅』は、この文の空欄1・空欄2の対応と合わない。,不適切。『スキーマ／検出』は、この文の空欄1・空欄2の対応と合わない。,2箇所穴埋めは、用語を単独で覚えるより、概念の対応関係・順番・対象を問う。本番では入れ替え選択肢に注意。,機械学習;意味;限定;2箇所穴埋め;G検定,さいはての未来では、イオが2つの概念の接続を観測して取り違えを避ける。四年五組なら、うっけの逆回答をカサネが静かに戻す。
FB03-051,FinalBoost_Set03,本番直前・2箇所穴埋め対応関係,2箇所穴埋め,機械学習,G検定横断領域,対応関係の即答,2空欄補充,直前対策,高,ハイパーパラメータは学習前に設定する値で、学習により更新される（　1　）とは異なり、検証データで（　2　）する。,調整／重み,重み／調整,伝播／勾配,分割／内容,B,空欄1は『重み』、空欄2は『調整』。機械学習では、2語の役割・順番・対象を取り違えないことが重要。,不適切。『調整／重み』は、この文の空欄1・空欄2の対応と合わない。,正解。,不適切。『伝播／勾配』は、この文の空欄1・空欄2の対応と合わない。,不適切。『分割／内容』は、この文の空欄1・空欄2の対応と合わない。,2箇所穴埋めは、用語を単独で覚えるより、概念の対応関係・順番・対象を問う。本番では入れ替え選択肢に注意。,機械学習;重み;調整;2箇所穴埋め;G検定,さいはての未来では、イオが2つの概念の接続を観測して取り違えを避ける。四年五組なら、うっけの逆回答をカサネが静かに戻す。
FB03-052,FinalBoost_Set03,本番直前・2箇所穴埋め対応関係,2箇所穴埋め,機械学習,G検定横断領域,対応関係の即答,2空欄補充,直前対策,高,グリッドサーチは候補を総当たりで試し、ランダムサーチは候補を（　1　）に試すため、探索効率が（　2　）なることがある。,高く／ランダム,ランダム／高く,不安定／制限,安全性／適合,B,空欄1は『ランダム』、空欄2は『高く』。機械学習では、2語の役割・順番・対象を取り違えないことが重要。,不適切。『高く／ランダム』は、この文の空欄1・空欄2の対応と合わない。,正解。,不適切。『不安定／制限』は、この文の空欄1・空欄2の対応と合わない。,不適切。『安全性／適合』は、この文の空欄1・空欄2の対応と合わない。,2箇所穴埋めは、用語を単独で覚えるより、概念の対応関係・順番・対象を問う。本番では入れ替え選択肢に注意。,機械学習;ランダム;高く;2箇所穴埋め;G検定,さいはての未来では、イオが2つの概念の接続を観測して取り違えを避ける。四年五組なら、うっけの逆回答をカサネが静かに戻す。
FB03-053,FinalBoost_Set03,本番直前・2箇所穴埋め対応関係,2箇所穴埋め,機械学習,G検定横断領域,対応関係の即答,2空欄補充,直前対策,高,ベイズ最適化は過去の試行結果から次に試す候補を選び、ハイパーパラメータ探索を（　1　）化し、試行回数を（　2　）しやすい。,削減／効率,効率／削減,パラメータ数／局所性,明確化／一致,B,空欄1は『効率』、空欄2は『削減』。機械学習では、2語の役割・順番・対象を取り違えないことが重要。,不適切。『削減／効率』は、この文の空欄1・空欄2の対応と合わない。,正解。,不適切。『パラメータ数／局所性』は、この文の空欄1・空欄2の対応と合わない。,不適切。『明確化／一致』は、この文の空欄1・空欄2の対応と合わない。,2箇所穴埋めは、用語を単独で覚えるより、概念の対応関係・順番・対象を問う。本番では入れ替え選択肢に注意。,機械学習;効率;削減;2箇所穴埋め;G検定,さいはての未来では、イオが2つの概念の接続を観測して取り違えを避ける。四年五組なら、うっけの逆回答をカサネが静かに戻す。
FB03-054,FinalBoost_Set03,本番直前・2箇所穴埋め対応関係,2箇所穴埋め,機械学習,G検定横断領域,対応関係の即答,2空欄補充,直前対策,高,オンライン学習ではデータが来るたびに逐次更新し、バッチ学習では蓄積データをまとめて（　1　）するため、更新の（　2　）が異なる。,タイミング／学習,学習／タイミング,最大／頑健性,正確性／確認,B,空欄1は『学習』、空欄2は『タイミング』。機械学習では、2語の役割・順番・対象を取り違えないことが重要。,不適切。『タイミング／学習』は、この文の空欄1・空欄2の対応と合わない。,正解。,不適切。『最大／頑健性』は、この文の空欄1・空欄2の対応と合わない。,不適切。『正確性／確認』は、この文の空欄1・空欄2の対応と合わない。,2箇所穴埋めは、用語を単独で覚えるより、概念の対応関係・順番・対象を問う。本番では入れ替え選択肢に注意。,機械学習;学習;タイミング;2箇所穴埋め;G検定,さいはての未来では、イオが2つの概念の接続を観測して取り違えを避ける。四年五組なら、うっけの逆回答をカサネが静かに戻す。
FB03-055,FinalBoost_Set03,本番直前・2箇所穴埋め対応関係,2箇所穴埋め,機械学習,G検定横断領域,対応関係の即答,2空欄補充,直前対策,高,データドリフトは入力分布の変化で、コンセプトドリフトは入力と出力の（　1　）が変わることであり、どちらも（　2　）対象になる。,監視／関係,関係／監視,ゲート／忘却,要件／修正,B,空欄1は『関係』、空欄2は『監視』。機械学習では、2語の役割・順番・対象を取り違えないことが重要。,不適切。『監視／関係』は、この文の空欄1・空欄2の対応と合わない。,正解。,不適切。『ゲート／忘却』は、この文の空欄1・空欄2の対応と合わない。,不適切。『要件／修正』は、この文の空欄1・空欄2の対応と合わない。,2箇所穴埋めは、用語を単独で覚えるより、概念の対応関係・順番・対象を問う。本番では入れ替え選択肢に注意。,機械学習;関係;監視;2箇所穴埋め;G検定,さいはての未来では、イオが2つの概念の接続を観測して取り違えを避ける。四年五組なら、うっけの逆回答をカサネが静かに戻す。
FB03-056,FinalBoost_Set03,本番直前・2箇所穴埋め対応関係,2箇所穴埋め,機械学習,G検定横断領域,対応関係の即答,2空欄補充,直前対策,高,モデルの解釈では、グローバルな傾向と個別予測の（　1　）を分け、局所説明ではその予測の（　2　）を見る。,根拠／理由,理由／根拠,出力／要約,埋もれ／要約,B,空欄1は『理由』、空欄2は『根拠』。機械学習では、2語の役割・順番・対象を取り違えないことが重要。,不適切。『根拠／理由』は、この文の空欄1・空欄2の対応と合わない。,正解。,不適切。『出力／要約』は、この文の空欄1・空欄2の対応と合わない。,不適切。『埋もれ／要約』は、この文の空欄1・空欄2の対応と合わない。,2箇所穴埋めは、用語を単独で覚えるより、概念の対応関係・順番・対象を問う。本番では入れ替え選択肢に注意。,機械学習;理由;根拠;2箇所穴埋め;G検定,さいはての未来では、イオが2つの概念の接続を観測して取り違えを避ける。四年五組なら、うっけの逆回答をカサネが静かに戻す。
FB03-057,FinalBoost_Set03,本番直前・2箇所穴埋め対応関係,2箇所穴埋め,機械学習,G検定横断領域,対応関係の即答,2空欄補充,直前対策,高,特徴量重要度は予測への寄与を示すが、因果関係や公平性を（　1　）するものではなく、別途（　2　）が必要である。,検証／保証,保証／検証,重み付け／注目,誤り／特定,B,空欄1は『保証』、空欄2は『検証』。機械学習では、2語の役割・順番・対象を取り違えないことが重要。,不適切。『検証／保証』は、この文の空欄1・空欄2の対応と合わない。,正解。,不適切。『重み付け／注目』は、この文の空欄1・空欄2の対応と合わない。,不適切。『誤り／特定』は、この文の空欄1・空欄2の対応と合わない。,2箇所穴埋めは、用語を単独で覚えるより、概念の対応関係・順番・対象を問う。本番では入れ替え選択肢に注意。,機械学習;保証;検証;2箇所穴埋め;G検定,さいはての未来では、イオが2つの概念の接続を観測して取り違えを避ける。四年五組なら、うっけの逆回答をカサネが静かに戻す。
FB03-058,FinalBoost_Set03,本番直前・2箇所穴埋め対応関係,2箇所穴埋め,機械学習,G検定横断領域,対応関係の即答,2空欄補充,直前対策,高,AutoMLは探索や前処理を支援するが、データの意味や業務目的への（　1　）は人間が確認し、結果を（　2　）する。,解釈／適合,適合／解釈,扱い／増加,音声／向き,B,空欄1は『適合』、空欄2は『解釈』。機械学習では、2語の役割・順番・対象を取り違えないことが重要。,不適切。『解釈／適合』は、この文の空欄1・空欄2の対応と合わない。,正解。,不適切。『扱い／増加』は、この文の空欄1・空欄2の対応と合わない。,不適切。『音声／向き』は、この文の空欄1・空欄2の対応と合わない。,2箇所穴埋めは、用語を単独で覚えるより、概念の対応関係・順番・対象を問う。本番では入れ替え選択肢に注意。,機械学習;適合;解釈;2箇所穴埋め;G検定,さいはての未来では、イオが2つの概念の接続を観測して取り違えを避ける。四年五組なら、うっけの逆回答をカサネが静かに戻す。
FB03-059,FinalBoost_Set03,本番直前・2箇所穴埋め対応関係,2箇所穴埋め,機械学習,G検定横断領域,対応関係の即答,2空欄補充,直前対策,高,モデルが高精度でも運用コストや遅延が大きいと実用に合わないため、精度と（　1　）、（　2　）を合わせて選ぶ。,費用／速度,速度／費用,分解／調整,確認質問／拒否,B,空欄1は『速度』、空欄2は『費用』。機械学習では、2語の役割・順番・対象を取り違えないことが重要。,不適切。『費用／速度』は、この文の空欄1・空欄2の対応と合わない。,正解。,不適切。『分解／調整』は、この文の空欄1・空欄2の対応と合わない。,不適切。『確認質問／拒否』は、この文の空欄1・空欄2の対応と合わない。,2箇所穴埋めは、用語を単独で覚えるより、概念の対応関係・順番・対象を問う。本番では入れ替え選択肢に注意。,機械学習;速度;費用;2箇所穴埋め;G検定,さいはての未来では、イオが2つの概念の接続を観測して取り違えを避ける。四年五組なら、うっけの逆回答をカサネが静かに戻す。
FB03-060,FinalBoost_Set03,本番直前・2箇所穴埋め対応関係,2箇所穴埋め,機械学習,G検定横断領域,対応関係の即答,2空欄補充,直前対策,高,実験再現性にはランダムシード、データ版、コード版、ライブラリ版を（　1　）し、同じ条件で結果を（　2　）できるようにする。,再現／記録,記録／再現,予測／生成,最小化／アクセス,B,空欄1は『記録』、空欄2は『再現』。機械学習では、2語の役割・順番・対象を取り違えないことが重要。,不適切。『再現／記録』は、この文の空欄1・空欄2の対応と合わない。,正解。,不適切。『予測／生成』は、この文の空欄1・空欄2の対応と合わない。,不適切。『最小化／アクセス』は、この文の空欄1・空欄2の対応と合わない。,2箇所穴埋めは、用語を単独で覚えるより、概念の対応関係・順番・対象を問う。本番では入れ替え選択肢に注意。,機械学習;記録;再現;2箇所穴埋め;G検定,さいはての未来では、イオが2つの概念の接続を観測して取り違えを避ける。四年五組なら、うっけの逆回答をカサネが静かに戻す。
FB03-061,FinalBoost_Set03,本番直前・2箇所穴埋め対応関係,2箇所穴埋め,深層学習,G検定横断領域,対応関係の即答,2空欄補充,直前対策,高,ニューラルネットワークでは入力に重みを掛けて足し、活性化関数で（　1　）を加えることで、複雑な関係を（　2　）できる。,表現／非線形性,非線形性／表現,予測／表現,確認／検証,B,空欄1は『非線形性』、空欄2は『表現』。深層学習では、2語の役割・順番・対象を取り違えないことが重要。,不適切。『表現／非線形性』は、この文の空欄1・空欄2の対応と合わない。,正解。,不適切。『予測／表現』は、この文の空欄1・空欄2の対応と合わない。,不適切。『確認／検証』は、この文の空欄1・空欄2の対応と合わない。,2箇所穴埋めは、用語を単独で覚えるより、概念の対応関係・順番・対象を問う。本番では入れ替え選択肢に注意。,深層学習;非線形性;表現;2箇所穴埋め;G検定,さいはての未来では、イオが2つの概念の接続を観測して取り違えを避ける。四年五組なら、うっけの逆回答をカサネが静かに戻す。
FB03-062,FinalBoost_Set03,本番直前・2箇所穴埋め対応関係,2箇所穴埋め,深層学習,G検定横断領域,対応関係の即答,2空欄補充,直前対策,高,勾配降下法では損失関数の勾配を使い、損失が（　1　）方向へ重みを更新し、学習率が更新の（　2　）を決める。,幅／小さくなる,小さくなる／幅,デコーダ／予測,多要素／別経路,B,空欄1は『小さくなる』、空欄2は『幅』。深層学習では、2語の役割・順番・対象を取り違えないことが重要。,不適切。『幅／小さくなる』は、この文の空欄1・空欄2の対応と合わない。,正解。,不適切。『デコーダ／予測』は、この文の空欄1・空欄2の対応と合わない。,不適切。『多要素／別経路』は、この文の空欄1・空欄2の対応と合わない。,2箇所穴埋めは、用語を単独で覚えるより、概念の対応関係・順番・対象を問う。本番では入れ替え選択肢に注意。,深層学習;小さくなる;幅;2箇所穴埋め;G検定,さいはての未来では、イオが2つの概念の接続を観測して取り違えを避ける。四年五組なら、うっけの逆回答をカサネが静かに戻す。
FB03-063,FinalBoost_Set03,本番直前・2箇所穴埋め対応関係,2箇所穴埋め,深層学習,G検定横断領域,対応関係の即答,2空欄補充,直前対策,高,誤差逆伝播は出力層の誤差を前の層へ（　1　）し、各重みに対する（　2　）を計算する。,勾配／伝播,伝播／勾配,距離／推薦,同意／措置,B,空欄1は『伝播』、空欄2は『勾配』。深層学習では、2語の役割・順番・対象を取り違えないことが重要。,不適切。『勾配／伝播』は、この文の空欄1・空欄2の対応と合わない。,正解。,不適切。『距離／推薦』は、この文の空欄1・空欄2の対応と合わない。,不適切。『同意／措置』は、この文の空欄1・空欄2の対応と合わない。,2箇所穴埋めは、用語を単独で覚えるより、概念の対応関係・順番・対象を問う。本番では入れ替え選択肢に注意。,深層学習;伝播;勾配;2箇所穴埋め;G検定,さいはての未来では、イオが2つの概念の接続を観測して取り違えを避ける。四年五組なら、うっけの逆回答をカサネが静かに戻す。
FB03-064,FinalBoost_Set03,本番直前・2箇所穴埋め対応関係,2箇所穴埋め,深層学習,G検定横断領域,対応関係の即答,2空欄補充,直前対策,高,勾配爆発では勾配が大きくなりすぎて学習が（　1　）になり、勾配クリッピングで勾配の大きさを（　2　）する。,制限／不安定,不安定／制限,変換／候補,復元／加工,B,空欄1は『不安定』、空欄2は『制限』。深層学習では、2語の役割・順番・対象を取り違えないことが重要。,不適切。『制限／不安定』は、この文の空欄1・空欄2の対応と合わない。,正解。,不適切。『変換／候補』は、この文の空欄1・空欄2の対応と合わない。,不適切。『復元／加工』は、この文の空欄1・空欄2の対応と合わない。,2箇所穴埋めは、用語を単独で覚えるより、概念の対応関係・順番・対象を問う。本番では入れ替え選択肢に注意。,深層学習;不安定;制限;2箇所穴埋め;G検定,さいはての未来では、イオが2つの概念の接続を観測して取り違えを避ける。四年五組なら、うっけの逆回答をカサネが静かに戻す。
FB03-065,FinalBoost_Set03,本番直前・2箇所穴埋め対応関係,2箇所穴埋め,深層学習,G検定横断領域,対応関係の即答,2空欄補充,直前対策,高,畳み込み層は局所特徴を抽出し、全結合層に比べてパラメータ共有により（　1　）を減らし、位置に対する（　2　）を活かす。,局所性／パラメータ数,パラメータ数／局所性,RAG／知識,特定／再識別,B,空欄1は『パラメータ数』、空欄2は『局所性』。深層学習では、2語の役割・順番・対象を取り違えないことが重要。,不適切。『局所性／パラメータ数』は、この文の空欄1・空欄2の対応と合わない。,正解。,不適切。『RAG／知識』は、この文の空欄1・空欄2の対応と合わない。,不適切。『特定／再識別』は、この文の空欄1・空欄2の対応と合わない。,2箇所穴埋めは、用語を単独で覚えるより、概念の対応関係・順番・対象を問う。本番では入れ替え選択肢に注意。,深層学習;パラメータ数;局所性;2箇所穴埋め;G検定,さいはての未来では、イオが2つの概念の接続を観測して取り違えを避ける。四年五組なら、うっけの逆回答をカサネが静かに戻す。
FB03-066,FinalBoost_Set03,本番直前・2箇所穴埋め対応関係,2箇所穴埋め,深層学習,G検定横断領域,対応関係の即答,2空欄補充,直前対策,高,プーリングは特徴マップを縮小し、最大プーリングでは領域内の（　1　）値を取り、位置ずれへの（　2　）を高める。,頑健性／最大,最大／頑健性,過学習／モデル,類似性／依拠性,B,空欄1は『最大』、空欄2は『頑健性』。深層学習では、2語の役割・順番・対象を取り違えないことが重要。,不適切。『頑健性／最大』は、この文の空欄1・空欄2の対応と合わない。,正解。,不適切。『過学習／モデル』は、この文の空欄1・空欄2の対応と合わない。,不適切。『類似性／依拠性』は、この文の空欄1・空欄2の対応と合わない。,2箇所穴埋めは、用語を単独で覚えるより、概念の対応関係・順番・対象を問う。本番では入れ替え選択肢に注意。,深層学習;最大;頑健性;2箇所穴埋め;G検定,さいはての未来では、イオが2つの概念の接続を観測して取り違えを避ける。四年五組なら、うっけの逆回答をカサネが静かに戻す。
FB03-067,FinalBoost_Set03,本番直前・2箇所穴埋め対応関係,2箇所穴埋め,深層学習,G検定横断領域,対応関係の即答,2空欄補充,直前対策,高,RNNは系列を順に処理するため長い系列で勾配が消えやすく、LSTMは（　1　）により情報の保持と（　2　）を制御する。,忘却／ゲート,ゲート／忘却,出力／別物,無断／許容,B,空欄1は『ゲート』、空欄2は『忘却』。深層学習では、2語の役割・順番・対象を取り違えないことが重要。,不適切。『忘却／ゲート』は、この文の空欄1・空欄2の対応と合わない。,正解。,不適切。『出力／別物』は、この文の空欄1・空欄2の対応と合わない。,不適切。『無断／許容』は、この文の空欄1・空欄2の対応と合わない。,2箇所穴埋めは、用語を単独で覚えるより、概念の対応関係・順番・対象を問う。本番では入れ替え選択肢に注意。,深層学習;ゲート;忘却;2箇所穴埋め;G検定,さいはての未来では、イオが2つの概念の接続を観測して取り違えを避ける。四年五組なら、うっけの逆回答をカサネが静かに戻す。
FB03-068,FinalBoost_Set03,本番直前・2箇所穴埋め対応関係,2箇所穴埋め,深層学習,G検定横断領域,対応関係の即答,2空欄補充,直前対策,高,Seq2Seqは入力系列をエンコーダで表現し、デコーダで（　1　）系列を生成する構成で、機械翻訳や（　2　）に使われた。,要約／出力,出力／要約,例／推論,品質／適合,B,空欄1は『出力』、空欄2は『要約』。深層学習では、2語の役割・順番・対象を取り違えないことが重要。,不適切。『要約／出力』は、この文の空欄1・空欄2の対応と合わない。,正解。,不適切。『例／推論』は、この文の空欄1・空欄2の対応と合わない。,不適切。『品質／適合』は、この文の空欄1・空欄2の対応と合わない。,2箇所穴埋めは、用語を単独で覚えるより、概念の対応関係・順番・対象を問う。本番では入れ替え選択肢に注意。,深層学習;出力;要約;2箇所穴埋め;G検定,さいはての未来では、イオが2つの概念の接続を観測して取り違えを避ける。四年五組なら、うっけの逆回答をカサネが静かに戻す。
FB03-069,FinalBoost_Set03,本番直前・2箇所穴埋め対応関係,2箇所穴埋め,深層学習,G検定横断領域,対応関係の即答,2空欄補充,直前対策,高,Attentionは全ての入力位置を同じ重みで見るのではなく、文脈に応じて重要度を（　1　）し、関連部分へ（　2　）する。,注目／重み付け,重み付け／注目,安定／多様,ライセンス／用途,B,空欄1は『重み付け』、空欄2は『注目』。深層学習では、2語の役割・順番・対象を取り違えないことが重要。,不適切。『注目／重み付け』は、この文の空欄1・空欄2の対応と合わない。,正解。,不適切。『安定／多様』は、この文の空欄1・空欄2の対応と合わない。,不適切。『ライセンス／用途』は、この文の空欄1・空欄2の対応と合わない。,2箇所穴埋めは、用語を単独で覚えるより、概念の対応関係・順番・対象を問う。本番では入れ替え選択肢に注意。,深層学習;重み付け;注目;2箇所穴埋め;G検定,さいはての未来では、イオが2つの概念の接続を観測して取り違えを避ける。四年五組なら、うっけの逆回答をカサネが静かに戻す。
FB03-070,FinalBoost_Set03,本番直前・2箇所穴埋め対応関係,2箇所穴埋め,深層学習,G検定横断領域,対応関係の即答,2空欄補充,直前対策,高,Transformerは自己注意を並列計算しやすく、RNNより長距離依存を（　1　）しやすい一方、入力長に応じて計算量が（　2　）する。,増加／扱い,扱い／増加,制限／安定性,規約／業務利用,B,空欄1は『扱い』、空欄2は『増加』。深層学習では、2語の役割・順番・対象を取り違えないことが重要。,不適切。『増加／扱い』は、この文の空欄1・空欄2の対応と合わない。,正解。,不適切。『制限／安定性』は、この文の空欄1・空欄2の対応と合わない。,不適切。『規約／業務利用』は、この文の空欄1・空欄2の対応と合わない。,2箇所穴埋めは、用語を単独で覚えるより、概念の対応関係・順番・対象を問う。本番では入れ替え選択肢に注意。,深層学習;扱い;増加;2箇所穴埋め;G検定,さいはての未来では、イオが2つの概念の接続を観測して取り違えを避ける。四年五組なら、うっけの逆回答をカサネが静かに戻す。
FB03-071,FinalBoost_Set03,本番直前・2箇所穴埋め対応関係,2箇所穴埋め,NLP/LLM,G検定横断領域,対応関係の即答,2空欄補充,直前対策,高,BPEなどのサブワード分割は未知語を完全に未知扱いせず、よく出る文字列単位へ（　1　）し、語彙サイズを（　2　）する。,調整／分解,分解／調整,根拠／確認,義務／範囲,B,空欄1は『分解』、空欄2は『調整』。NLP/LLMでは、2語の役割・順番・対象を取り違えないことが重要。,不適切。『調整／分解』は、この文の空欄1・空欄2の対応と合わない。,正解。,不適切。『根拠／確認』は、この文の空欄1・空欄2の対応と合わない。,不適切。『義務／範囲』は、この文の空欄1・空欄2の対応と合わない。,2箇所穴埋めは、用語を単独で覚えるより、概念の対応関係・順番・対象を問う。本番では入れ替え選択肢に注意。,NLP/LLM;分解;調整;2箇所穴埋め;G検定,さいはての未来では、イオが2つの概念の接続を観測して取り違えを避ける。四年五組なら、うっけの逆回答をカサネが静かに戻す。
FB03-072,FinalBoost_Set03,本番直前・2箇所穴埋め対応関係,2箇所穴埋め,NLP/LLM,G検定横断領域,対応関係の即答,2空欄補充,直前対策,高,自己回帰モデルは過去のトークンから次トークンを（　1　）し、生成時にはそれを繰り返して文章を（　2　）する。,生成／予測,予測／生成,生成／評価,なりすまし／リスク,B,空欄1は『予測』、空欄2は『生成』。NLP/LLMでは、2語の役割・順番・対象を取り違えないことが重要。,不適切。『生成／予測』は、この文の空欄1・空欄2の対応と合わない。,正解。,不適切。『生成／評価』は、この文の空欄1・空欄2の対応と合わない。,不適切。『なりすまし／リスク』は、この文の空欄1・空欄2の対応と合わない。,2箇所穴埋めは、用語を単独で覚えるより、概念の対応関係・順番・対象を問う。本番では入れ替え選択肢に注意。,NLP/LLM;予測;生成;2箇所穴埋め;G検定,さいはての未来では、イオが2つの概念の接続を観測して取り違えを避ける。四年五組なら、うっけの逆回答をカサネが静かに戻す。
FB03-073,FinalBoost_Set03,本番直前・2箇所穴埋め対応関係,2箇所穴埋め,NLP/LLM,G検定横断領域,対応関係の即答,2空欄補充,直前対策,高,マスク言語モデルでは一部トークンを隠して（　1　）し、双方向文脈を使った（　2　）を学習する。,表現／予測,予測／表現,検索／含め,偏り／影響,B,空欄1は『予測』、空欄2は『表現』。NLP/LLMでは、2語の役割・順番・対象を取り違えないことが重要。,不適切。『表現／予測』は、この文の空欄1・空欄2の対応と合わない。,正解。,不適切。『検索／含め』は、この文の空欄1・空欄2の対応と合わない。,不適切。『偏り／影響』は、この文の空欄1・空欄2の対応と合わない。,2箇所穴埋めは、用語を単独で覚えるより、概念の対応関係・順番・対象を問う。本番では入れ替え選択肢に注意。,NLP/LLM;予測;表現;2箇所穴埋め;G検定,さいはての未来では、イオが2つの概念の接続を観測して取り違えを避ける。四年五組なら、うっけの逆回答をカサネが静かに戻す。
FB03-074,FinalBoost_Set03,本番直前・2箇所穴埋め対応関係,2箇所穴埋め,NLP/LLM,G検定横断領域,対応関係の即答,2空欄補充,直前対策,高,BERTは双方向文脈の理解が得意なエンコーダ型で、GPTは文章生成に使いやすい（　1　）型で、次トークン（　2　）を行う。,予測／デコーダ,デコーダ／予測,指示乗っ取り／データ,説明／再審査,B,空欄1は『デコーダ』、空欄2は『予測』。NLP/LLMでは、2語の役割・順番・対象を取り違えないことが重要。,不適切。『予測／デコーダ』は、この文の空欄1・空欄2の対応と合わない。,正解。,不適切。『指示乗っ取り／データ』は、この文の空欄1・空欄2の対応と合わない。,不適切。『説明／再審査』は、この文の空欄1・空欄2の対応と合わない。,2箇所穴埋めは、用語を単独で覚えるより、概念の対応関係・順番・対象を問う。本番では入れ替え選択肢に注意。,NLP/LLM;デコーダ;予測;2箇所穴埋め;G検定,さいはての未来では、イオが2つの概念の接続を観測して取り違えを避ける。四年五組なら、うっけの逆回答をカサネが静かに戻す。
FB03-075,FinalBoost_Set03,本番直前・2箇所穴埋め対応関係,2箇所穴埋め,NLP/LLM,G検定横断領域,対応関係の即答,2空欄補充,直前対策,高,埋め込みは単語や文をベクトルにし、意味の近さを（　1　）で扱うため、検索や（　2　）に使われる。,推薦／距離,距離／推薦,分離／人間,アクセシビリティ／接続,B,空欄1は『距離』、空欄2は『推薦』。NLP/LLMでは、2語の役割・順番・対象を取り違えないことが重要。,不適切。『推薦／距離』は、この文の空欄1・空欄2の対応と合わない。,正解。,不適切。『分離／人間』は、この文の空欄1・空欄2の対応と合わない。,不適切。『アクセシビリティ／接続』は、この文の空欄1・空欄2の対応と合わない。,2箇所穴埋めは、用語を単独で覚えるより、概念の対応関係・順番・対象を問う。本番では入れ替え選択肢に注意。,NLP/LLM;距離;推薦;2箇所穴埋め;G検定,さいはての未来では、イオが2つの概念の接続を観測して取り違えを避ける。四年五組なら、うっけの逆回答をカサネが静かに戻す。
FB03-076,FinalBoost_Set03,本番直前・2箇所穴埋め対応関係,2箇所穴埋め,NLP/LLM,G検定横断領域,対応関係の即答,2空欄補充,直前対策,高,RAGで埋め込み検索を使う場合、質問と文書を同じベクトル空間へ（　1　）し、類似度で（　2　）を探す。,候補／変換,変換／候補,スキーマ／検出,支援／人間,B,空欄1は『変換』、空欄2は『候補』。NLP/LLMでは、2語の役割・順番・対象を取り違えないことが重要。,不適切。『候補／変換』は、この文の空欄1・空欄2の対応と合わない。,正解。,不適切。『スキーマ／検出』は、この文の空欄1・空欄2の対応と合わない。,不適切。『支援／人間』は、この文の空欄1・空欄2の対応と合わない。,2箇所穴埋めは、用語を単独で覚えるより、概念の対応関係・順番・対象を問う。本番では入れ替え選択肢に注意。,NLP/LLM;変換;候補;2箇所穴埋め;G検定,さいはての未来では、イオが2つの概念の接続を観測して取り違えを避ける。四年五組なら、うっけの逆回答をカサネが静かに戻す。
FB03-077,FinalBoost_Set03,本番直前・2箇所穴埋め対応関係,2箇所穴埋め,NLP/LLM,G検定横断領域,対応関係の即答,2空欄補充,直前対策,高,LLMは大規模データで事前学習されるが、最新情報や社内情報は知らない場合があるため、（　1　）や外部検索で（　2　）を補う。,知識／RAG,RAG／知識,分割／内容,評価／説明,B,空欄1は『RAG』、空欄2は『知識』。NLP/LLMでは、2語の役割・順番・対象を取り違えないことが重要。,不適切。『知識／RAG』は、この文の空欄1・空欄2の対応と合わない。,正解。,不適切。『分割／内容』は、この文の空欄1・空欄2の対応と合わない。,不適切。『評価／説明』は、この文の空欄1・空欄2の対応と合わない。,2箇所穴埋めは、用語を単独で覚えるより、概念の対応関係・順番・対象を問う。本番では入れ替え選択肢に注意。,NLP/LLM;RAG;知識;2箇所穴埋め;G検定,さいはての未来では、イオが2つの概念の接続を観測して取り違えを避ける。四年五組なら、うっけの逆回答をカサネが静かに戻す。
FB03-078,FinalBoost_Set03,本番直前・2箇所穴埋め対応関係,2箇所穴埋め,NLP/LLM,G検定横断領域,対応関係の即答,2空欄補充,直前対策,高,ファインチューニングはモデル重みを更新するため、データ品質や（　1　）に注意が必要で、RAGより（　2　）変更が大きい。,モデル／過学習,過学習／モデル,安全性／適合,ログ／責任者,B,空欄1は『過学習』、空欄2は『モデル』。NLP/LLMでは、2語の役割・順番・対象を取り違えないことが重要。,不適切。『モデル／過学習』は、この文の空欄1・空欄2の対応と合わない。,正解。,不適切。『安全性／適合』は、この文の空欄1・空欄2の対応と合わない。,不適切。『ログ／責任者』は、この文の空欄1・空欄2の対応と合わない。,2箇所穴埋めは、用語を単独で覚えるより、概念の対応関係・順番・対象を問う。本番では入れ替え選択肢に注意。,NLP/LLM;過学習;モデル;2箇所穴埋め;G検定,さいはての未来では、イオが2つの概念の接続を観測して取り違えを避ける。四年五組なら、うっけの逆回答をカサネが静かに戻す。
FB03-079,FinalBoost_Set03,本番直前・2箇所穴埋め対応関係,2箇所穴埋め,NLP/LLM,G検定横断領域,対応関係の即答,2空欄補充,直前対策,高,プロンプトエンジニアリングはモデル重みを変えず、入力指示や例示で（　1　）を制御する方法で、追加学習とは（　2　）である。,別物／出力,出力／別物,明確化／一致,手順／追跡,B,空欄1は『出力』、空欄2は『別物』。NLP/LLMでは、2語の役割・順番・対象を取り違えないことが重要。,不適切。『別物／出力』は、この文の空欄1・空欄2の対応と合わない。,正解。,不適切。『明確化／一致』は、この文の空欄1・空欄2の対応と合わない。,不適切。『手順／追跡』は、この文の空欄1・空欄2の対応と合わない。,2箇所穴埋めは、用語を単独で覚えるより、概念の対応関係・順番・対象を問う。本番では入れ替え選択肢に注意。,NLP/LLM;出力;別物;2箇所穴埋め;G検定,さいはての未来では、イオが2つの概念の接続を観測して取り違えを避ける。四年五組なら、うっけの逆回答をカサネが静かに戻す。
FB03-080,FinalBoost_Set03,本番直前・2箇所穴埋め対応関係,2箇所穴埋め,NLP/LLM,G検定横断領域,対応関係の即答,2空欄補充,直前対策,高,Few-shotでは例を提示して回答形式を誘導し、ゼロショットでは（　1　）を示さずにタスク説明だけで（　2　）させる。,推論／例,例／推論,正確性／確認,指標／理由,B,空欄1は『例』、空欄2は『推論』。NLP/LLMでは、2語の役割・順番・対象を取り違えないことが重要。,不適切。『推論／例』は、この文の空欄1・空欄2の対応と合わない。,正解。,不適切。『正確性／確認』は、この文の空欄1・空欄2の対応と合わない。,不適切。『指標／理由』は、この文の空欄1・空欄2の対応と合わない。,2箇所穴埋めは、用語を単独で覚えるより、概念の対応関係・順番・対象を問う。本番では入れ替え選択肢に注意。,NLP/LLM;例;推論;2箇所穴埋め;G検定,さいはての未来では、イオが2つの概念の接続を観測して取り違えを避ける。四年五組なら、うっけの逆回答をカサネが静かに戻す。
FB03-081,FinalBoost_Set03,本番直前・2箇所穴埋め対応関係,2箇所穴埋め,NLP/LLM,G検定横断領域,対応関係の即答,2空欄補充,直前対策,高,温度パラメータは出力確率分布の鋭さに影響し、低いほど（　1　）、高いほど（　2　）になりやすい。,多様／安定,安定／多様,要件／修正,役割／説明,B,空欄1は『安定』、空欄2は『多様』。NLP/LLMでは、2語の役割・順番・対象を取り違えないことが重要。,不適切。『多様／安定』は、この文の空欄1・空欄2の対応と合わない。,正解。,不適切。『要件／修正』は、この文の空欄1・空欄2の対応と合わない。,不適切。『役割／説明』は、この文の空欄1・空欄2の対応と合わない。,2箇所穴埋めは、用語を単独で覚えるより、概念の対応関係・順番・対象を問う。本番では入れ替え選択肢に注意。,NLP/LLM;安定;多様;2箇所穴埋め;G検定,さいはての未来では、イオが2つの概念の接続を観測して取り違えを避ける。四年五組なら、うっけの逆回答をカサネが静かに戻す。
FB03-082,FinalBoost_Set03,本番直前・2箇所穴埋め対応関係,2箇所穴埋め,NLP/LLM,G検定横断領域,対応関係の即答,2空欄補充,直前対策,高,Top-kやTop-pサンプリングは候補トークンの範囲を（　1　）し、生成の多様性と（　2　）を調整する。,安定性／制限,制限／安定性,埋もれ／要約,介入／支援,B,空欄1は『制限』、空欄2は『安定性』。NLP/LLMでは、2語の役割・順番・対象を取り違えないことが重要。,不適切。『安定性／制限』は、この文の空欄1・空欄2の対応と合わない。,正解。,不適切。『埋もれ／要約』は、この文の空欄1・空欄2の対応と合わない。,不適切。『介入／支援』は、この文の空欄1・空欄2の対応と合わない。,2箇所穴埋めは、用語を単独で覚えるより、概念の対応関係・順番・対象を問う。本番では入れ替え選択肢に注意。,NLP/LLM;制限;安定性;2箇所穴埋め;G検定,さいはての未来では、イオが2つの概念の接続を観測して取り違えを避ける。四年五組なら、うっけの逆回答をカサネが静かに戻す。
FB03-083,FinalBoost_Set03,本番直前・2箇所穴埋め対応関係,2箇所穴埋め,NLP/LLM,G検定横断領域,対応関係の即答,2空欄補充,直前対策,高,LLMのハルシネーションは、根拠のない内容をもっともらしく出す問題で、（　1　）提示や人間の（　2　）が対策になる。,確認／根拠,根拠／確認,誤り／特定,偏り／接点,B,空欄1は『根拠』、空欄2は『確認』。NLP/LLMでは、2語の役割・順番・対象を取り違えないことが重要。,不適切。『確認／根拠』は、この文の空欄1・空欄2の対応と合わない。,正解。,不適切。『誤り／特定』は、この文の空欄1・空欄2の対応と合わない。,不適切。『偏り／接点』は、この文の空欄1・空欄2の対応と合わない。,2箇所穴埋めは、用語を単独で覚えるより、概念の対応関係・順番・対象を問う。本番では入れ替え選択肢に注意。,NLP/LLM;根拠;確認;2箇所穴埋め;G検定,さいはての未来では、イオが2つの概念の接続を観測して取り違えを避ける。四年五組なら、うっけの逆回答をカサネが静かに戻す。
FB03-084,FinalBoost_Set03,本番直前・2箇所穴埋め対応関係,2箇所穴埋め,NLP/LLM,G検定横断領域,対応関係の即答,2空欄補充,直前対策,高,RAGでは検索段階で誤った文書を取ると生成も誤るため、検索品質と（　1　）品質の両方を（　2　）する。,評価／生成,生成／評価,音声／向き,確認／修正,B,空欄1は『生成』、空欄2は『評価』。NLP/LLMでは、2語の役割・順番・対象を取り違えないことが重要。,不適切。『評価／生成』は、この文の空欄1・空欄2の対応と合わない。,正解。,不適切。『音声／向き』は、この文の空欄1・空欄2の対応と合わない。,不適切。『確認／修正』は、この文の空欄1・空欄2の対応と合わない。,2箇所穴埋めは、用語を単独で覚えるより、概念の対応関係・順番・対象を問う。本番では入れ替え選択肢に注意。,NLP/LLM;生成;評価;2箇所穴埋め;G検定,さいはての未来では、イオが2つの概念の接続を観測して取り違えを避ける。四年五組なら、うっけの逆回答をカサネが静かに戻す。
FB03-085,FinalBoost_Set03,本番直前・2箇所穴埋め対応関係,2箇所穴埋め,NLP/LLM,G検定横断領域,対応関係の即答,2空欄補充,直前対策,高,RAGの権限制御では、ユーザーが閲覧できる文書だけを（　1　）し、回答に機密を（　2　）ないようにする。,含め／検索,検索／含め,確認質問／拒否,誘導／自律性,B,空欄1は『検索』、空欄2は『含め』。NLP/LLMでは、2語の役割・順番・対象を取り違えないことが重要。,不適切。『含め／検索』は、この文の空欄1・空欄2の対応と合わない。,正解。,不適切。『確認質問／拒否』は、この文の空欄1・空欄2の対応と合わない。,不適切。『誘導／自律性』は、この文の空欄1・空欄2の対応と合わない。,2箇所穴埋めは、用語を単独で覚えるより、概念の対応関係・順番・対象を問う。本番では入れ替え選択肢に注意。,NLP/LLM;検索;含め;2箇所穴埋め;G検定,さいはての未来では、イオが2つの概念の接続を観測して取り違えを避ける。四年五組なら、うっけの逆回答をカサネが静かに戻す。
FB03-086,FinalBoost_Set03,本番直前・2箇所穴埋め対応関係,2箇所穴埋め,NLP/LLM,G検定横断領域,対応関係の即答,2空欄補充,直前対策,高,外部文書中の命令をLLMが実行すると、プロンプトインジェクションにより（　1　）が起こるため、外部文書は（　2　）として扱う。,データ／指示乗っ取り,指示乗っ取り／データ,最小化／アクセス,透明性／対応,B,空欄1は『指示乗っ取り』、空欄2は『データ』。NLP/LLMでは、2語の役割・順番・対象を取り違えないことが重要。,不適切。『データ／指示乗っ取り』は、この文の空欄1・空欄2の対応と合わない。,正解。,不適切。『最小化／アクセス』は、この文の空欄1・空欄2の対応と合わない。,不適切。『透明性／対応』は、この文の空欄1・空欄2の対応と合わない。,2箇所穴埋めは、用語を単独で覚えるより、概念の対応関係・順番・対象を問う。本番では入れ替え選択肢に注意。,NLP/LLM;指示乗っ取り;データ;2箇所穴埋め;G検定,さいはての未来では、イオが2つの概念の接続を観測して取り違えを避ける。四年五組なら、うっけの逆回答をカサネが静かに戻す。
FB03-087,FinalBoost_Set03,本番直前・2箇所穴埋め対応関係,2箇所穴埋め,NLP/LLM,G検定横断領域,対応関係の即答,2空欄補充,直前対策,高,LLMエージェントがツールを使う場合、読み取りと書き込みの権限を（　1　）し、重要操作に（　2　）承認を置く。,人間／分離,分離／人間,確認／検証,適切性／責任,B,空欄1は『分離』、空欄2は『人間』。NLP/LLMでは、2語の役割・順番・対象を取り違えないことが重要。,不適切。『人間／分離』は、この文の空欄1・空欄2の対応と合わない。,正解。,不適切。『確認／検証』は、この文の空欄1・空欄2の対応と合わない。,不適切。『適切性／責任』は、この文の空欄1・空欄2の対応と合わない。,2箇所穴埋めは、用語を単独で覚えるより、概念の対応関係・順番・対象を問う。本番では入れ替え選択肢に注意。,NLP/LLM;分離;人間;2箇所穴埋め;G検定,さいはての未来では、イオが2つの概念の接続を観測して取り違えを避ける。四年五組なら、うっけの逆回答をカサネが静かに戻す。
FB03-088,FinalBoost_Set03,本番直前・2箇所穴埋め対応関係,2箇所穴埋め,NLP/LLM,G検定横断領域,対応関係の即答,2空欄補充,直前対策,高,構造化出力ではJSONなどの形式を指定し、後続処理前に（　1　）で検証し、形式崩れを（　2　）する。,検出／スキーマ,スキーマ／検出,多要素／別経路,免責／確認,B,空欄1は『スキーマ』、空欄2は『検出』。NLP/LLMでは、2語の役割・順番・対象を取り違えないことが重要。,不適切。『検出／スキーマ』は、この文の空欄1・空欄2の対応と合わない。,正解。,不適切。『多要素／別経路』は、この文の空欄1・空欄2の対応と合わない。,不適切。『免責／確認』は、この文の空欄1・空欄2の対応と合わない。,2箇所穴埋めは、用語を単独で覚えるより、概念の対応関係・順番・対象を問う。本番では入れ替え選択肢に注意。,NLP/LLM;スキーマ;検出;2箇所穴埋め;G検定,さいはての未来では、イオが2つの概念の接続を観測して取り違えを避ける。四年五組なら、うっけの逆回答をカサネが静かに戻す。
FB03-089,FinalBoost_Set03,本番直前・2箇所穴埋め対応関係,2箇所穴埋め,NLP/LLM,G検定横断領域,対応関係の即答,2空欄補充,直前対策,高,長文要約では重要情報の欠落や意味変化が起きるため、要約前に文書を（　1　）し、要約後に（　2　）確認する。,内容／分割,分割／内容,同意／措置,明示／判断,B,空欄1は『分割』、空欄2は『内容』。NLP/LLMでは、2語の役割・順番・対象を取り違えないことが重要。,不適切。『内容／分割』は、この文の空欄1・空欄2の対応と合わない。,正解。,不適切。『同意／措置』は、この文の空欄1・空欄2の対応と合わない。,不適切。『明示／判断』は、この文の空欄1・空欄2の対応と合わない。,2箇所穴埋めは、用語を単独で覚えるより、概念の対応関係・順番・対象を問う。本番では入れ替え選択肢に注意。,NLP/LLM;分割;内容;2箇所穴埋め;G検定,さいはての未来では、イオが2つの概念の接続を観測して取り違えを避ける。四年五組なら、うっけの逆回答をカサネが静かに戻す。
FB03-090,FinalBoost_Set03,本番直前・2箇所穴埋め対応関係,2箇所穴埋め,NLP/LLM,G検定横断領域,対応関係の即答,2空欄補充,直前対策,高,LLM評価では、正確性だけでなく有害性、根拠整合性、（　1　）、ユーザー目的への（　2　）を見る。,適合／安全性,安全性／適合,復元／加工,日時／文脈,B,空欄1は『安全性』、空欄2は『適合』。NLP/LLMでは、2語の役割・順番・対象を取り違えないことが重要。,不適切。『適合／安全性』は、この文の空欄1・空欄2の対応と合わない。,正解。,不適切。『復元／加工』は、この文の空欄1・空欄2の対応と合わない。,不適切。『日時／文脈』は、この文の空欄1・空欄2の対応と合わない。,2箇所穴埋めは、用語を単独で覚えるより、概念の対応関係・順番・対象を問う。本番では入れ替え選択肢に注意。,NLP/LLM;安全性;適合;2箇所穴埋め;G検定,さいはての未来では、イオが2つの概念の接続を観測して取り違えを避ける。四年五組なら、うっけの逆回答をカサネが静かに戻す。
FB03-091,FinalBoost_Set03,本番直前・2箇所穴埋め対応関係,2箇所穴埋め,NLP/LLM,G検定横断領域,対応関係の即答,2空欄補充,直前対策,高,人手評価では評価基準が曖昧だとばらつくため、ルーブリックを（　1　）し、評価者間の（　2　）を確認する。,一致／明確化,明確化／一致,特定／再識別,規模／影響,B,空欄1は『明確化』、空欄2は『一致』。NLP/LLMでは、2語の役割・順番・対象を取り違えないことが重要。,不適切。『一致／明確化』は、この文の空欄1・空欄2の対応と合わない。,正解。,不適切。『特定／再識別』は、この文の空欄1・空欄2の対応と合わない。,不適切。『規模／影響』は、この文の空欄1・空欄2の対応と合わない。,2箇所穴埋めは、用語を単独で覚えるより、概念の対応関係・順番・対象を問う。本番では入れ替え選択肢に注意。,NLP/LLM;明確化;一致;2箇所穴埋め;G検定,さいはての未来では、イオが2つの概念の接続を観測して取り違えを避ける。四年五組なら、うっけの逆回答をカサネが静かに戻す。
FB03-092,FinalBoost_Set03,本番直前・2箇所穴埋め対応関係,2箇所穴埋め,NLP/LLM,G検定横断領域,対応関係の即答,2空欄補充,直前対策,高,機械翻訳の評価では、BLEUなどの自動指標に加え、専門文書では意味の（　1　）を人間が（　2　）する。,確認／正確性,正確性／確認,類似性／依拠性,法規制／基準,B,空欄1は『正確性』、空欄2は『確認』。NLP/LLMでは、2語の役割・順番・対象を取り違えないことが重要。,不適切。『確認／正確性』は、この文の空欄1・空欄2の対応と合わない。,正解。,不適切。『類似性／依拠性』は、この文の空欄1・空欄2の対応と合わない。,不適切。『法規制／基準』は、この文の空欄1・空欄2の対応と合わない。,2箇所穴埋めは、用語を単独で覚えるより、概念の対応関係・順番・対象を問う。本番では入れ替え選択肢に注意。,NLP/LLM;正確性;確認;2箇所穴埋め;G検定,さいはての未来では、イオが2つの概念の接続を観測して取り違えを避ける。四年五組なら、うっけの逆回答をカサネが静かに戻す。
FB03-093,FinalBoost_Set03,本番直前・2箇所穴埋め対応関係,2箇所穴埋め,NLP/LLM,G検定横断領域,対応関係の即答,2空欄補充,直前対策,高,生成AIでコードを作る場合、動作だけでなく脆弱性、ライセンス、（　1　）適合性をレビューし、必要に応じて（　2　）する。,修正／要件,要件／修正,無断／許容,機密／伏せ,B,空欄1は『要件』、空欄2は『修正』。NLP/LLMでは、2語の役割・順番・対象を取り違えないことが重要。,不適切。『修正／要件』は、この文の空欄1・空欄2の対応と合わない。,正解。,不適切。『無断／許容』は、この文の空欄1・空欄2の対応と合わない。,不適切。『機密／伏せ』は、この文の空欄1・空欄2の対応と合わない。,2箇所穴埋めは、用語を単独で覚えるより、概念の対応関係・順番・対象を問う。本番では入れ替え選択肢に注意。,NLP/LLM;要件;修正;2箇所穴埋め;G検定,さいはての未来では、イオが2つの概念の接続を観測して取り違えを避ける。四年五組なら、うっけの逆回答をカサネが静かに戻す。
FB03-094,FinalBoost_Set03,本番直前・2箇所穴埋め対応関係,2箇所穴埋め,NLP/LLM,G検定横断領域,対応関係の即答,2空欄補充,直前対策,高,LLMのコンテキスト長は入力できる範囲で、長すぎる文書を入れると重要情報が（　1　）やすく、分割や（　2　）が必要になる。,要約／埋もれ,埋もれ／要約,品質／適合,相談／対応,B,空欄1は『埋もれ』、空欄2は『要約』。NLP/LLMでは、2語の役割・順番・対象を取り違えないことが重要。,不適切。『要約／埋もれ』は、この文の空欄1・空欄2の対応と合わない。,正解。,不適切。『品質／適合』は、この文の空欄1・空欄2の対応と合わない。,不適切。『相談／対応』は、この文の空欄1・空欄2の対応と合わない。,2箇所穴埋めは、用語を単独で覚えるより、概念の対応関係・順番・対象を問う。本番では入れ替え選択肢に注意。,NLP/LLM;埋もれ;要約;2箇所穴埋め;G検定,さいはての未来では、イオが2つの概念の接続を観測して取り違えを避ける。四年五組なら、うっけの逆回答をカサネが静かに戻す。
FB03-095,FinalBoost_Set03,本番直前・2箇所穴埋め対応関係,2箇所穴埋め,NLP/LLM,G検定横断領域,対応関係の即答,2空欄補充,直前対策,高,マルチモーダルAIでは画像認識、OCR、言語推論を分けて評価し、どの段階で（　1　）したか（　2　）する。,特定／誤り,誤り／特定,ライセンス／用途,偏り／影響,B,空欄1は『誤り』、空欄2は『特定』。NLP/LLMでは、2語の役割・順番・対象を取り違えないことが重要。,不適切。『特定／誤り』は、この文の空欄1・空欄2の対応と合わない。,正解。,不適切。『ライセンス／用途』は、この文の空欄1・空欄2の対応と合わない。,不適切。『偏り／影響』は、この文の空欄1・空欄2の対応と合わない。,2箇所穴埋めは、用語を単独で覚えるより、概念の対応関係・順番・対象を問う。本番では入れ替え選択肢に注意。,NLP/LLM;誤り;特定;2箇所穴埋め;G検定,さいはての未来では、イオが2つの概念の接続を観測して取り違えを避ける。四年五組なら、うっけの逆回答をカサネが静かに戻す。
FB03-096,FinalBoost_Set03,本番直前・2箇所穴埋め対応関係,2箇所穴埋め,NLP/LLM,G検定横断領域,対応関係の即答,2空欄補充,直前対策,高,音声認識は音声をテキストへ変換し、音声合成はテキスト等から（　1　）を作るため、入出力の（　2　）が逆である。,向き／音声,音声／向き,規約／業務利用,理解／申し立て,B,空欄1は『音声』、空欄2は『向き』。NLP/LLMでは、2語の役割・順番・対象を取り違えないことが重要。,不適切。『向き／音声』は、この文の空欄1・空欄2の対応と合わない。,正解。,不適切。『規約／業務利用』は、この文の空欄1・空欄2の対応と合わない。,不適切。『理解／申し立て』は、この文の空欄1・空欄2の対応と合わない。,2箇所穴埋めは、用語を単独で覚えるより、概念の対応関係・順番・対象を問う。本番では入れ替え選択肢に注意。,NLP/LLM;音声;向き;2箇所穴埋め;G検定,さいはての未来では、イオが2つの概念の接続を観測して取り違えを避ける。四年五組なら、うっけの逆回答をカサネが静かに戻す。
FB03-097,FinalBoost_Set03,本番直前・2箇所穴埋め対応関係,2箇所穴埋め,NLP/LLM,G検定横断領域,対応関係の即答,2空欄補充,直前対策,高,対話AIでは利用者の意図を推定するだけでなく、曖昧な場合は（　1　）し、危険な場合は（　2　）する設計が必要である。,拒否／確認質問,確認質問／拒否,義務／範囲,監督／手段,B,空欄1は『確認質問』、空欄2は『拒否』。NLP/LLMでは、2語の役割・順番・対象を取り違えないことが重要。,不適切。『拒否／確認質問』は、この文の空欄1・空欄2の対応と合わない。,正解。,不適切。『義務／範囲』は、この文の空欄1・空欄2の対応と合わない。,不適切。『監督／手段』は、この文の空欄1・空欄2の対応と合わない。,2箇所穴埋めは、用語を単独で覚えるより、概念の対応関係・順番・対象を問う。本番では入れ替え選択肢に注意。,NLP/LLM;確認質問;拒否;2箇所穴埋め;G検定,さいはての未来では、イオが2つの概念の接続を観測して取り違えを避ける。四年五組なら、うっけの逆回答をカサネが静かに戻す。
FB03-098,FinalBoost_Set03,本番直前・2箇所穴埋め対応関係,2箇所穴埋め,NLP/LLM,G検定横断領域,対応関係の即答,2空欄補充,直前対策,高,LLMのログを改善に使う場合、保存する情報を（　1　）し、個人情報はマスキングや（　2　）制御を行う。,アクセス／最小化,最小化／アクセス,なりすまし／リスク,役割／対応,B,空欄1は『最小化』、空欄2は『アクセス』。NLP/LLMでは、2語の役割・順番・対象を取り違えないことが重要。,不適切。『アクセス／最小化』は、この文の空欄1・空欄2の対応と合わない。,正解。,不適切。『なりすまし／リスク』は、この文の空欄1・空欄2の対応と合わない。,不適切。『役割／対応』は、この文の空欄1・空欄2の対応と合わない。,2箇所穴埋めは、用語を単独で覚えるより、概念の対応関係・順番・対象を問う。本番では入れ替え選択肢に注意。,NLP/LLM;最小化;アクセス;2箇所穴埋め;G検定,さいはての未来では、イオが2つの概念の接続を観測して取り違えを避ける。四年五組なら、うっけの逆回答をカサネが静かに戻す。
FB03-099,FinalBoost_Set03,本番直前・2箇所穴埋め対応関係,2箇所穴埋め,NLP/LLM,G検定横断領域,対応関係の即答,2空欄補充,直前対策,高,AI生成コンテンツの識別には透かしやメタデータが使われるが、完全ではないため、出所の（　1　）と根拠の（　2　）も重要である。,検証／確認,確認／検証,偏り／影響,保証／監視,B,空欄1は『確認』、空欄2は『検証』。NLP/LLMでは、2語の役割・順番・対象を取り違えないことが重要。,不適切。『検証／確認』は、この文の空欄1・空欄2の対応と合わない。,正解。,不適切。『偏り／影響』は、この文の空欄1・空欄2の対応と合わない。,不適切。『保証／監視』は、この文の空欄1・空欄2の対応と合わない。,2箇所穴埋めは、用語を単独で覚えるより、概念の対応関係・順番・対象を問う。本番では入れ替え選択肢に注意。,NLP/LLM;確認;検証;2箇所穴埋め;G検定,さいはての未来では、イオが2つの概念の接続を観測して取り違えを避ける。四年五組なら、うっけの逆回答をカサネが静かに戻す。
FB03-100,FinalBoost_Set03,本番直前・2箇所穴埋め対応関係,2箇所穴埋め,NLP/LLM,G検定横断領域,対応関係の即答,2空欄補充,直前対策,高,ディープフェイク対策では生成物の検出だけでなく、本人確認の（　1　）化や、送金など重要操作の（　2　）確認が必要である。,別経路／多要素,多要素／別経路,説明／再審査,適合性／制約,B,空欄1は『多要素』、空欄2は『別経路』。NLP/LLMでは、2語の役割・順番・対象を取り違えないことが重要。,不適切。『別経路／多要素』は、この文の空欄1・空欄2の対応と合わない。,正解。,不適切。『説明／再審査』は、この文の空欄1・空欄2の対応と合わない。,不適切。『適合性／制約』は、この文の空欄1・空欄2の対応と合わない。,2箇所穴埋めは、用語を単独で覚えるより、概念の対応関係・順番・対象を問う。本番では入れ替え選択肢に注意。,NLP/LLM;多要素;別経路;2箇所穴埋め;G検定,さいはての未来では、イオが2つの概念の接続を観測して取り違えを避ける。四年五組なら、うっけの逆回答をカサネが静かに戻す。
FB03-101,FinalBoost_Set03,本番直前・2箇所穴埋め対応関係,2箇所穴埋め,法律倫理,G検定横断領域,対応関係の即答,2空欄補充,直前対策,高,個人情報保護では、取得時の利用目的を明確にし、目的外利用では（　1　）や法的根拠を確認し、安全管理（　2　）を講じる。,措置／同意,アクセシビリティ／接続,同意／措置,漏えい／対策,C,空欄1は『同意』、空欄2は『措置』。法律倫理では、2語の役割・順番・対象を取り違えないことが重要。,不適切。『措置／同意』は、この文の空欄1・空欄2の対応と合わない。,不適切。『アクセシビリティ／接続』は、この文の空欄1・空欄2の対応と合わない。,正解。,不適切。『漏えい／対策』は、この文の空欄1・空欄2の対応と合わない。,2箇所穴埋めは、用語を単独で覚えるより、概念の対応関係・順番・対象を問う。本番では入れ替え選択肢に注意。,法律倫理;同意;措置;2箇所穴埋め;G検定,さいはての未来では、イオが2つの概念の接続を観測して取り違えを避ける。四年五組なら、うっけの逆回答をカサネが静かに戻す。
FB03-102,FinalBoost_Set03,本番直前・2箇所穴埋め対応関係,2箇所穴埋め,法律倫理,G検定横断領域,対応関係の即答,2空欄補充,直前対策,高,仮名加工情報は照合情報を分離管理し、匿名加工情報は特定個人の識別と元情報への（　1　）ができないようにする（　2　）である。,加工／復元,支援／人間,復元／加工,マスキング／定義,C,空欄1は『復元』、空欄2は『加工』。法律倫理では、2語の役割・順番・対象を取り違えないことが重要。,不適切。『加工／復元』は、この文の空欄1・空欄2の対応と合わない。,不適切。『支援／人間』は、この文の空欄1・空欄2の対応と合わない。,正解。,不適切。『マスキング／定義』は、この文の空欄1・空欄2の対応と合わない。,2箇所穴埋めは、用語を単独で覚えるより、概念の対応関係・順番・対象を問う。本番では入れ替え選択肢に注意。,法律倫理;復元;加工;2箇所穴埋め;G検定,さいはての未来では、イオが2つの概念の接続を観測して取り違えを避ける。四年五組なら、うっけの逆回答をカサネが静かに戻す。
FB03-103,FinalBoost_Set03,本番直前・2箇所穴埋め対応関係,2箇所穴埋め,法律倫理,G検定横断領域,対応関係の即答,2空欄補充,直前対策,高,匿名化したつもりでも、複数データを結合すると個人が（　1　）される場合があり、（　2　）リスクを評価する。,再識別／特定,評価／説明,特定／再識別,推測／ノイズ,C,空欄1は『特定』、空欄2は『再識別』。法律倫理では、2語の役割・順番・対象を取り違えないことが重要。,不適切。『再識別／特定』は、この文の空欄1・空欄2の対応と合わない。,不適切。『評価／説明』は、この文の空欄1・空欄2の対応と合わない。,正解。,不適切。『推測／ノイズ』は、この文の空欄1・空欄2の対応と合わない。,2箇所穴埋めは、用語を単独で覚えるより、概念の対応関係・順番・対象を問う。本番では入れ替え選択肢に注意。,法律倫理;特定;再識別;2箇所穴埋め;G検定,さいはての未来では、イオが2つの概念の接続を観測して取り違えを避ける。四年五組なら、うっけの逆回答をカサネが静かに戻す。
FB03-104,FinalBoost_Set03,本番直前・2箇所穴埋め対応関係,2箇所穴埋め,法律倫理,G検定横断領域,対応関係の即答,2空欄補充,直前対策,高,生成AIの出力物が既存作品に似ている場合、学習データの話とは別に、出力の（　1　）と（　2　）を確認する。,依拠性／類似性,ログ／責任者,類似性／依拠性,推定／プライバシー,C,空欄1は『類似性』、空欄2は『依拠性』。法律倫理では、2語の役割・順番・対象を取り違えないことが重要。,不適切。『依拠性／類似性』は、この文の空欄1・空欄2の対応と合わない。,不適切。『ログ／責任者』は、この文の空欄1・空欄2の対応と合わない。,正解。,不適切。『推定／プライバシー』は、この文の空欄1・空欄2の対応と合わない。,2箇所穴埋めは、用語を単独で覚えるより、概念の対応関係・順番・対象を問う。本番では入れ替え選択肢に注意。,法律倫理;類似性;依拠性;2箇所穴埋め;G検定,さいはての未来では、イオが2つの概念の接続を観測して取り違えを避ける。四年五組なら、うっけの逆回答をカサネが静かに戻す。
FB03-105,FinalBoost_Set03,本番直前・2箇所穴埋め対応関係,2箇所穴埋め,法律倫理,G検定横断領域,対応関係の即答,2空欄補充,直前対策,高,著作物の引用では、出所明示や主従関係などの要件があり、AI出力だからといって（　1　）転載が（　2　）されるわけではない。,許容／無断,手順／追跡,無断／許容,情報／追加,C,空欄1は『無断』、空欄2は『許容』。法律倫理では、2語の役割・順番・対象を取り違えないことが重要。,不適切。『許容／無断』は、この文の空欄1・空欄2の対応と合わない。,不適切。『手順／追跡』は、この文の空欄1・空欄2の対応と合わない。,正解。,不適切。『情報／追加』は、この文の空欄1・空欄2の対応と合わない。,2箇所穴埋めは、用語を単独で覚えるより、概念の対応関係・順番・対象を問う。本番では入れ替え選択肢に注意。,法律倫理;無断;許容;2箇所穴埋め;G検定,さいはての未来では、イオが2つの概念の接続を観測して取り違えを避ける。四年五組なら、うっけの逆回答をカサネが静かに戻す。
FB03-106,FinalBoost_Set03,本番直前・2箇所穴埋め対応関係,2箇所穴埋め,法律倫理,G検定横断領域,対応関係の即答,2空欄補充,直前対策,高,公開データをAIに使う場合でも、ライセンス、利用条件、個人情報、データの（　1　）を確認し、用途に（　2　）するか見る。,適合／品質,指標／理由,品質／適合,ライセンス／影響,C,空欄1は『品質』、空欄2は『適合』。法律倫理では、2語の役割・順番・対象を取り違えないことが重要。,不適切。『適合／品質』は、この文の空欄1・空欄2の対応と合わない。,不適切。『指標／理由』は、この文の空欄1・空欄2の対応と合わない。,正解。,不適切。『ライセンス／影響』は、この文の空欄1・空欄2の対応と合わない。,2箇所穴埋めは、用語を単独で覚えるより、概念の対応関係・順番・対象を問う。本番では入れ替え選択肢に注意。,法律倫理;品質;適合;2箇所穴埋め;G検定,さいはての未来では、イオが2つの概念の接続を観測して取り違えを避ける。四年五組なら、うっけの逆回答をカサネが静かに戻す。
FB03-107,FinalBoost_Set03,本番直前・2箇所穴埋め対応関係,2箇所穴埋め,法律倫理,G検定横断領域,対応関係の即答,2空欄補充,直前対策,高,オープンソースモデルにも商用利用や再配布の条件があり、モデルの（　1　）を確認して、禁止された（　2　）を避ける。,用途／ライセンス,役割／説明,ライセンス／用途,事前／強化,C,空欄1は『ライセンス』、空欄2は『用途』。法律倫理では、2語の役割・順番・対象を取り違えないことが重要。,不適切。『用途／ライセンス』は、この文の空欄1・空欄2の対応と合わない。,不適切。『役割／説明』は、この文の空欄1・空欄2の対応と合わない。,正解。,不適切。『事前／強化』は、この文の空欄1・空欄2の対応と合わない。,2箇所穴埋めは、用語を単独で覚えるより、概念の対応関係・順番・対象を問う。本番では入れ替え選択肢に注意。,法律倫理;ライセンス;用途;2箇所穴埋め;G検定,さいはての未来では、イオが2つの概念の接続を観測して取り違えを避ける。四年五組なら、うっけの逆回答をカサネが静かに戻す。
FB03-108,FinalBoost_Set03,本番直前・2箇所穴埋め対応関係,2箇所穴埋め,法律倫理,G検定横断領域,対応関係の即答,2空欄補充,直前対策,高,生成AIサービスに入力した情報が学習に使われるかは、サービスごとの（　1　）や設定に依存するため、（　2　）前に確認する。,業務利用／規約,介入／支援,規約／業務利用,人間／運用,C,空欄1は『規約』、空欄2は『業務利用』。法律倫理では、2語の役割・順番・対象を取り違えないことが重要。,不適切。『業務利用／規約』は、この文の空欄1・空欄2の対応と合わない。,不適切。『介入／支援』は、この文の空欄1・空欄2の対応と合わない。,正解。,不適切。『人間／運用』は、この文の空欄1・空欄2の対応と合わない。,2箇所穴埋めは、用語を単独で覚えるより、概念の対応関係・順番・対象を問う。本番では入れ替え選択肢に注意。,法律倫理;規約;業務利用;2箇所穴埋め;G検定,さいはての未来では、イオが2つの概念の接続を観測して取り違えを避ける。四年五組なら、うっけの逆回答をカサネが静かに戻す。
FB03-109,FinalBoost_Set03,本番直前・2箇所穴埋め対応関係,2箇所穴埋め,法律倫理,G検定横断領域,対応関係の即答,2空欄補充,直前対策,高,社外秘情報を外部AIに入力すると、秘密管理性や契約上の（　1　）に影響するため、入力の（　2　）を制限する。,範囲／義務,偏り／接点,義務／範囲,限定／設定,C,空欄1は『義務』、空欄2は『範囲』。法律倫理では、2語の役割・順番・対象を取り違えないことが重要。,不適切。『範囲／義務』は、この文の空欄1・空欄2の対応と合わない。,不適切。『偏り／接点』は、この文の空欄1・空欄2の対応と合わない。,正解。,不適切。『限定／設定』は、この文の空欄1・空欄2の対応と合わない。,2箇所穴埋めは、用語を単独で覚えるより、概念の対応関係・順番・対象を問う。本番では入れ替え選択肢に注意。,法律倫理;義務;範囲;2箇所穴埋め;G検定,さいはての未来では、イオが2つの概念の接続を観測して取り違えを避ける。四年五組なら、うっけの逆回答をカサネが静かに戻す。
FB03-110,FinalBoost_Set03,本番直前・2箇所穴埋め対応関係,2箇所穴埋め,法律倫理,G検定横断領域,対応関係の即答,2空欄補充,直前対策,高,人物の画像や音声をAIで生成する場合、著作権だけでなく肖像権、名誉、（　1　）被害、パブリシティ権などの（　2　）を検討する。,リスク／なりすまし,確認／修正,なりすまし／リスク,確認／リスク,C,空欄1は『なりすまし』、空欄2は『リスク』。法律倫理では、2語の役割・順番・対象を取り違えないことが重要。,不適切。『リスク／なりすまし』は、この文の空欄1・空欄2の対応と合わない。,不適切。『確認／修正』は、この文の空欄1・空欄2の対応と合わない。,正解。,不適切。『確認／リスク』は、この文の空欄1・空欄2の対応と合わない。,2箇所穴埋めは、用語を単独で覚えるより、概念の対応関係・順番・対象を問う。本番では入れ替え選択肢に注意。,法律倫理;なりすまし;リスク;2箇所穴埋め;G検定,さいはての未来では、イオが2つの概念の接続を観測して取り違えを避ける。四年五組なら、うっけの逆回答をカサネが静かに戻す。
FB03-111,FinalBoost_Set03,本番直前・2箇所穴埋め対応関係,2箇所穴埋め,法律倫理,G検定横断領域,対応関係の即答,2空欄補充,直前対策,高,採用AIでは、属性情報を使わなくても代理変数から（　1　）が残る可能性があり、属性別の（　2　）を確認する。,影響／偏り,誘導／自律性,偏り／影響,影響／救済,C,空欄1は『偏り』、空欄2は『影響』。法律倫理では、2語の役割・順番・対象を取り違えないことが重要。,不適切。『影響／偏り』は、この文の空欄1・空欄2の対応と合わない。,不適切。『誘導／自律性』は、この文の空欄1・空欄2の対応と合わない。,正解。,不適切。『影響／救済』は、この文の空欄1・空欄2の対応と合わない。,2箇所穴埋めは、用語を単独で覚えるより、概念の対応関係・順番・対象を問う。本番では入れ替え選択肢に注意。,法律倫理;偏り;影響;2箇所穴埋め;G検定,さいはての未来では、イオが2つの概念の接続を観測して取り違えを避ける。四年五組なら、うっけの逆回答をカサネが静かに戻す。
FB03-112,FinalBoost_Set03,本番直前・2箇所穴埋め対応関係,2箇所穴埋め,法律倫理,G検定横断領域,対応関係の即答,2空欄補充,直前対策,高,融資AIでは、顧客に不利益を与える判断について（　1　）可能性を確保し、必要なら人間が（　2　）する。,再審査／説明,透明性／対応,説明／再審査,確認／利用者,C,空欄1は『説明』、空欄2は『再審査』。法律倫理では、2語の役割・順番・対象を取り違えないことが重要。,不適切。『再審査／説明』は、この文の空欄1・空欄2の対応と合わない。,不適切。『透明性／対応』は、この文の空欄1・空欄2の対応と合わない。,正解。,不適切。『確認／利用者』は、この文の空欄1・空欄2の対応と合わない。,2箇所穴埋めは、用語を単独で覚えるより、概念の対応関係・順番・対象を問う。本番では入れ替え選択肢に注意。,法律倫理;説明;再審査;2箇所穴埋め;G検定,さいはての未来では、イオが2つの概念の接続を観測して取り違えを避ける。四年五組なら、うっけの逆回答をカサネが静かに戻す。
FB03-113,FinalBoost_Set03,本番直前・2箇所穴埋め対応関係,2箇所穴埋め,法律倫理,G検定横断領域,対応関係の即答,2空欄補充,直前対策,高,公共AIでは、透明性や異議申立てに加え、障害者や高齢者も使える（　1　）と、人間窓口への（　2　）が重要である。,接続／アクセシビリティ,適切性／責任,アクセシビリティ／接続,業務影響／対応,C,空欄1は『アクセシビリティ』、空欄2は『接続』。法律倫理では、2語の役割・順番・対象を取り違えないことが重要。,不適切。『接続／アクセシビリティ』は、この文の空欄1・空欄2の対応と合わない。,不適切。『適切性／責任』は、この文の空欄1・空欄2の対応と合わない。,正解。,不適切。『業務影響／対応』は、この文の空欄1・空欄2の対応と合わない。,2箇所穴埋めは、用語を単独で覚えるより、概念の対応関係・順番・対象を問う。本番では入れ替え選択肢に注意。,法律倫理;アクセシビリティ;接続;2箇所穴埋め;G検定,さいはての未来では、イオが2つの概念の接続を観測して取り違えを避ける。四年五組なら、うっけの逆回答をカサネが静かに戻す。
FB03-114,FinalBoost_Set03,本番直前・2箇所穴埋め対応関係,2箇所穴埋め,法律倫理,G検定横断領域,対応関係の即答,2空欄補充,直前対策,高,医療AIでは、AIが診断を置き換えるのではなく医師を（　1　）し、最終的な説明と責任は（　2　）が担う。,人間／支援,免責／確認,支援／人間,ロールバック／記録,C,空欄1は『支援』、空欄2は『人間』。法律倫理では、2語の役割・順番・対象を取り違えないことが重要。,不適切。『人間／支援』は、この文の空欄1・空欄2の対応と合わない。,不適切。『免責／確認』は、この文の空欄1・空欄2の対応と合わない。,正解。,不適切。『ロールバック／記録』は、この文の空欄1・空欄2の対応と合わない。,2箇所穴埋めは、用語を単独で覚えるより、概念の対応関係・順番・対象を問う。本番では入れ替え選択肢に注意。,法律倫理;支援;人間;2箇所穴埋め;G検定,さいはての未来では、イオが2つの概念の接続を観測して取り違えを避ける。四年五組なら、うっけの逆回答をカサネが静かに戻す。
FB03-115,FinalBoost_Set03,本番直前・2箇所穴埋め対応関係,2箇所穴埋め,法律倫理,G検定横断領域,対応関係の即答,2空欄補充,直前対策,高,教育AIでは、生徒データの保護と、AIによる固定的な（　1　）を避けること、教師や保護者への（　2　）が重要である。,説明／評価,明示／判断,評価／説明,限定／確認,C,空欄1は『評価』、空欄2は『説明』。法律倫理では、2語の役割・順番・対象を取り違えないことが重要。,不適切。『説明／評価』は、この文の空欄1・空欄2の対応と合わない。,不適切。『明示／判断』は、この文の空欄1・空欄2の対応と合わない。,正解。,不適切。『限定／確認』は、この文の空欄1・空欄2の対応と合わない。,2箇所穴埋めは、用語を単独で覚えるより、概念の対応関係・順番・対象を問う。本番では入れ替え選択肢に注意。,法律倫理;評価;説明;2箇所穴埋め;G検定,さいはての未来では、イオが2つの概念の接続を観測して取り違えを避ける。四年五組なら、うっけの逆回答をカサネが静かに戻す。
FB03-116,FinalBoost_Set03,本番直前・2箇所穴埋め対応関係,2箇所穴埋め,法律倫理,G検定横断領域,対応関係の即答,2空欄補充,直前対策,高,AIガバナンスでは、利用案をリスクで分類し、高リスク用途には事前審査、監視、（　1　）、（　2　）を設ける。,責任者／ログ,日時／文脈,ログ／責任者,差／効果,C,空欄1は『ログ』、空欄2は『責任者』。法律倫理では、2語の役割・順番・対象を取り違えないことが重要。,不適切。『責任者／ログ』は、この文の空欄1・空欄2の対応と合わない。,不適切。『日時／文脈』は、この文の空欄1・空欄2の対応と合わない。,正解。,不適切。『差／効果』は、この文の空欄1・空欄2の対応と合わない。,2箇所穴埋めは、用語を単独で覚えるより、概念の対応関係・順番・対象を問う。本番では入れ替え選択肢に注意。,法律倫理;ログ;責任者;2箇所穴埋め;G検定,さいはての未来では、イオが2つの概念の接続を観測して取り違えを避ける。四年五組なら、うっけの逆回答をカサネが静かに戻す。
FB03-117,FinalBoost_Set03,本番直前・2箇所穴埋め対応関係,2箇所穴埋め,法律倫理,G検定横断領域,対応関係の即答,2空欄補充,直前対策,高,説明責任では、AIの判断理由だけでなく、データ、モデル版、運用者、（　1　）を示せるようにし、後から（　2　）できるようにする。,追跡／手順,規模／影響,手順／追跡,誤動作／検知,C,空欄1は『手順』、空欄2は『追跡』。法律倫理では、2語の役割・順番・対象を取り違えないことが重要。,不適切。『追跡／手順』は、この文の空欄1・空欄2の対応と合わない。,不適切。『規模／影響』は、この文の空欄1・空欄2の対応と合わない。,正解。,不適切。『誤動作／検知』は、この文の空欄1・空欄2の対応と合わない。,2箇所穴埋めは、用語を単独で覚えるより、概念の対応関係・順番・対象を問う。本番では入れ替え選択肢に注意。,法律倫理;手順;追跡;2箇所穴埋め;G検定,さいはての未来では、イオが2つの概念の接続を観測して取り違えを避ける。四年五組なら、うっけの逆回答をカサネが静かに戻す。
FB03-118,FinalBoost_Set03,本番直前・2箇所穴埋め対応関係,2箇所穴埋め,法律倫理,G検定横断領域,対応関係の即答,2空欄補充,直前対策,高,公平性には複数の考え方があり、選択率をそろえるか、誤差率をそろえるかなど、目的に応じて（　1　）を選び、（　2　）を説明する。,理由／指標,法規制／基準,指標／理由,計算／高め,C,空欄1は『指標』、空欄2は『理由』。法律倫理では、2語の役割・順番・対象を取り違えないことが重要。,不適切。『理由／指標』は、この文の空欄1・空欄2の対応と合わない。,不適切。『法規制／基準』は、この文の空欄1・空欄2の対応と合わない。,正解。,不適切。『計算／高め』は、この文の空欄1・空欄2の対応と合わない。,2箇所穴埋めは、用語を単独で覚えるより、概念の対応関係・順番・対象を問う。本番では入れ替え選択肢に注意。,法律倫理;指標;理由;2箇所穴埋め;G検定,さいはての未来では、イオが2つの概念の接続を観測して取り違えを避ける。四年五組なら、うっけの逆回答をカサネが静かに戻す。
FB03-119,FinalBoost_Set03,本番直前・2箇所穴埋め対応関係,2箇所穴埋め,法律倫理,G検定横断領域,対応関係の即答,2空欄補充,直前対策,高,透明性はAI利用を隠さず伝えることだけでなく、AIの（　1　）と限界を分かりやすく（　2　）することも含む。,説明／役割,機密／伏せ,役割／説明,影響／効率,C,空欄1は『役割』、空欄2は『説明』。法律倫理では、2語の役割・順番・対象を取り違えないことが重要。,不適切。『説明／役割』は、この文の空欄1・空欄2の対応と合わない。,不適切。『機密／伏せ』は、この文の空欄1・空欄2の対応と合わない。,正解。,不適切。『影響／効率』は、この文の空欄1・空欄2の対応と合わない。,2箇所穴埋めは、用語を単独で覚えるより、概念の対応関係・順番・対象を問う。本番では入れ替え選択肢に注意。,法律倫理;役割;説明;2箇所穴埋め;G検定,さいはての未来では、イオが2つの概念の接続を観測して取り違えを避ける。四年五組なら、うっけの逆回答をカサネが静かに戻す。
FB03-120,FinalBoost_Set03,本番直前・2箇所穴埋め対応関係,2箇所穴埋め,法律倫理,G検定横断領域,対応関係の即答,2空欄補充,直前対策,高,人間中心AIでは、AIの効率化だけでなく、利用者の自律性、理解、（　1　）可能性、必要時の人間（　2　）を重視する。,支援／介入,相談／対応,介入／支援,追跡／明確化,C,空欄1は『介入』、空欄2は『支援』。法律倫理では、2語の役割・順番・対象を取り違えないことが重要。,不適切。『支援／介入』は、この文の空欄1・空欄2の対応と合わない。,不適切。『相談／対応』は、この文の空欄1・空欄2の対応と合わない。,正解。,不適切。『追跡／明確化』は、この文の空欄1・空欄2の対応と合わない。,2箇所穴埋めは、用語を単独で覚えるより、概念の対応関係・順番・対象を問う。本番では入れ替え選択肢に注意。,法律倫理;介入;支援;2箇所穴埋め;G検定,さいはての未来では、イオが2つの概念の接続を観測して取り違えを避ける。四年五組なら、うっけの逆回答をカサネが静かに戻す。
FB03-121,FinalBoost_Set03,本番直前・2箇所穴埋め対応関係,2箇所穴埋め,法律倫理,G検定横断領域,対応関係の即答,2空欄補充,直前対策,高,フィルターバブルは推薦により似た情報ばかり提示される問題で、情報の（　1　）や多様な（　2　）を確保する設計が重要である。,接点／偏り,偏り／影響,偏り／接点,特定／高め,C,空欄1は『偏り』、空欄2は『接点』。法律倫理では、2語の役割・順番・対象を取り違えないことが重要。,不適切。『接点／偏り』は、この文の空欄1・空欄2の対応と合わない。,不適切。『偏り／影響』は、この文の空欄1・空欄2の対応と合わない。,正解。,不適切。『特定／高め』は、この文の空欄1・空欄2の対応と合わない。,2箇所穴埋めは、用語を単独で覚えるより、概念の対応関係・順番・対象を問う。本番では入れ替え選択肢に注意。,法律倫理;偏り;接点;2箇所穴埋め;G検定,さいはての未来では、イオが2つの概念の接続を観測して取り違えを避ける。四年五組なら、うっけの逆回答をカサネが静かに戻す。
FB03-122,FinalBoost_Set03,本番直前・2箇所穴埋め対応関係,2箇所穴埋め,法律倫理,G検定横断領域,対応関係の即答,2空欄補充,直前対策,高,オートメーションバイアスはAIを過度に信頼する傾向で、人間が結果を（　1　）し、必要に応じて（　2　）できる体制が必要である。,修正／確認,理解／申し立て,確認／修正,復旧／影響,C,空欄1は『確認』、空欄2は『修正』。法律倫理では、2語の役割・順番・対象を取り違えないことが重要。,不適切。『修正／確認』は、この文の空欄1・空欄2の対応と合わない。,不適切。『理解／申し立て』は、この文の空欄1・空欄2の対応と合わない。,正解。,不適切。『復旧／影響』は、この文の空欄1・空欄2の対応と合わない。,2箇所穴埋めは、用語を単独で覚えるより、概念の対応関係・順番・対象を問う。本番では入れ替え選択肢に注意。,法律倫理;確認;修正;2箇所穴埋め;G検定,さいはての未来では、イオが2つの概念の接続を観測して取り違えを避ける。四年五組なら、うっけの逆回答をカサネが静かに戻す。
FB03-123,FinalBoost_Set03,本番直前・2箇所穴埋め対応関係,2箇所穴埋め,法律倫理,G検定横断領域,対応関係の即答,2空欄補充,直前対策,高,ダークパターン的なAI設計は、利用者の不安や依存を利用して行動を（　1　）し、利用者の（　2　）を損なう。,自律性／誘導,監督／手段,誘導／自律性,業務／統合,C,空欄1は『誘導』、空欄2は『自律性』。法律倫理では、2語の役割・順番・対象を取り違えないことが重要。,不適切。『自律性／誘導』は、この文の空欄1・空欄2の対応と合わない。,不適切。『監督／手段』は、この文の空欄1・空欄2の対応と合わない。,正解。,不適切。『業務／統合』は、この文の空欄1・空欄2の対応と合わない。,2箇所穴埋めは、用語を単独で覚えるより、概念の対応関係・順番・対象を問う。本番では入れ替え選択肢に注意。,法律倫理;誘導;自律性;2箇所穴埋め;G検定,さいはての未来では、イオが2つの概念の接続を観測して取り違えを避ける。四年五組なら、うっけの逆回答をカサネが静かに戻す。
FB03-124,FinalBoost_Set03,本番直前・2箇所穴埋め対応関係,2箇所穴埋め,法律倫理,G検定横断領域,対応関係の即答,2空欄補充,直前対策,高,AI利用の社会受容には、性能だけでなく、公平性、安全性、（　1　）、リスク発生時の（　2　）が関わる。,対応／透明性,役割／対応,透明性／対応,維持／評価,C,空欄1は『透明性』、空欄2は『対応』。法律倫理では、2語の役割・順番・対象を取り違えないことが重要。,不適切。『対応／透明性』は、この文の空欄1・空欄2の対応と合わない。,不適切。『役割／対応』は、この文の空欄1・空欄2の対応と合わない。,正解。,不適切。『維持／評価』は、この文の空欄1・空欄2の対応と合わない。,2箇所穴埋めは、用語を単独で覚えるより、概念の対応関係・順番・対象を問う。本番では入れ替え選択肢に注意。,法律倫理;透明性;対応;2箇所穴埋め;G検定,さいはての未来では、イオが2つの概念の接続を観測して取り違えを避ける。四年五組なら、うっけの逆回答をカサネが静かに戻す。
FB03-125,FinalBoost_Set03,本番直前・2箇所穴埋め対応関係,2箇所穴埋め,法律倫理,G検定横断領域,対応関係の即答,2空欄補充,直前対策,高,AI開発者・提供者・利用者は役割が異なり、利用者も入力データや出力確認、用途の（　1　）について（　2　）を負う。,責任／適切性,保証／監視,適切性／責任,破滅的／検証,C,空欄1は『適切性』、空欄2は『責任』。法律倫理では、2語の役割・順番・対象を取り違えないことが重要。,不適切。『責任／適切性』は、この文の空欄1・空欄2の対応と合わない。,不適切。『保証／監視』は、この文の空欄1・空欄2の対応と合わない。,正解。,不適切。『破滅的／検証』は、この文の空欄1・空欄2の対応と合わない。,2箇所穴埋めは、用語を単独で覚えるより、概念の対応関係・順番・対象を問う。本番では入れ替え選択肢に注意。,法律倫理;適切性;責任;2箇所穴埋め;G検定,さいはての未来では、イオが2つの概念の接続を観測して取り違えを避ける。四年五組なら、うっけの逆回答をカサネが静かに戻す。
FB03-126,FinalBoost_Set03,本番直前・2箇所穴埋め対応関係,2箇所穴埋め,法律倫理,G検定横断領域,対応関係の即答,2空欄補充,直前対策,高,AIの利用規約確認では、入力データの扱い、出力物の権利、商用利用、（　1　）、禁止事項を（　2　）する。,確認／免責,適合性／制約,免責／確認,緊急／原因,C,空欄1は『免責』、空欄2は『確認』。法律倫理では、2語の役割・順番・対象を取り違えないことが重要。,不適切。『確認／免責』は、この文の空欄1・空欄2の対応と合わない。,不適切。『適合性／制約』は、この文の空欄1・空欄2の対応と合わない。,正解。,不適切。『緊急／原因』は、この文の空欄1・空欄2の対応と合わない。,2箇所穴埋めは、用語を単独で覚えるより、概念の対応関係・順番・対象を問う。本番では入れ替え選択肢に注意。,法律倫理;免責;確認;2箇所穴埋め;G検定,さいはての未来では、イオが2つの概念の接続を観測して取り違えを避ける。四年五組なら、うっけの逆回答をカサネが静かに戻す。
FB03-127,FinalBoost_Set03,本番直前・2箇所穴埋め対応関係,2箇所穴埋め,法律倫理,G検定横断領域,対応関係の即答,2空欄補充,直前対策,高,AI生成物を公開する場合、AI生成であることの（　1　）や出所表示は、利用者の（　2　）を助ける。,判断／明示,漏えい／対策,明示／判断,品質／遅延,C,空欄1は『明示』、空欄2は『判断』。法律倫理では、2語の役割・順番・対象を取り違えないことが重要。,不適切。『判断／明示』は、この文の空欄1・空欄2の対応と合わない。,不適切。『漏えい／対策』は、この文の空欄1・空欄2の対応と合わない。,正解。,不適切。『品質／遅延』は、この文の空欄1・空欄2の対応と合わない。,2箇所穴埋めは、用語を単独で覚えるより、概念の対応関係・順番・対象を問う。本番では入れ替え選択肢に注意。,法律倫理;明示;判断;2箇所穴埋め;G検定,さいはての未来では、イオが2つの概念の接続を観測して取り違えを避ける。四年五組なら、うっけの逆回答をカサネが静かに戻す。
FB03-128,FinalBoost_Set03,本番直前・2箇所穴埋め対応関係,2箇所穴埋め,法律倫理,G検定横断領域,対応関係の即答,2空欄補充,直前対策,高,生成AIを使った偽情報では、出所の確認が難しくなるため、情報源、根拠、（　1　）、（　2　）を確認する。,文脈／日時,マスキング／定義,日時／文脈,キュー制御／負荷,C,空欄1は『日時』、空欄2は『文脈』。法律倫理では、2語の役割・順番・対象を取り違えないことが重要。,不適切。『文脈／日時』は、この文の空欄1・空欄2の対応と合わない。,不適切。『マスキング／定義』は、この文の空欄1・空欄2の対応と合わない。,正解。,不適切。『キュー制御／負荷』は、この文の空欄1・空欄2の対応と合わない。,2箇所穴埋めは、用語を単独で覚えるより、概念の対応関係・順番・対象を問う。本番では入れ替え選択肢に注意。,法律倫理;日時;文脈;2箇所穴埋め;G検定,さいはての未来では、イオが2つの概念の接続を観測して取り違えを避ける。四年五組なら、うっけの逆回答をカサネが静かに戻す。
FB03-129,FinalBoost_Set03,本番直前・2箇所穴埋め対応関係,2箇所穴埋め,法律倫理,G検定横断領域,対応関係の即答,2空欄補充,直前対策,高,AIの環境負荷では、学習・推論の電力消費やCO2排出が問題になり、モデルの（　1　）と利用頻度の（　2　）も考える。,影響／規模,推測／ノイズ,規模／影響,互換性／復旧,C,空欄1は『規模』、空欄2は『影響』。法律倫理では、2語の役割・順番・対象を取り違えないことが重要。,不適切。『影響／規模』は、この文の空欄1・空欄2の対応と合わない。,不適切。『推測／ノイズ』は、この文の空欄1・空欄2の対応と合わない。,正解。,不適切。『互換性／復旧』は、この文の空欄1・空欄2の対応と合わない。,2箇所穴埋めは、用語を単独で覚えるより、概念の対応関係・順番・対象を問う。本番では入れ替え選択肢に注意。,法律倫理;規模;影響;2箇所穴埋め;G検定,さいはての未来では、イオが2つの概念の接続を観測して取り違えを避ける。四年五組なら、うっけの逆回答をカサネが静かに戻す。
FB03-130,FinalBoost_Set03,本番直前・2箇所穴埋め対応関係,2箇所穴埋め,法律倫理,G検定横断領域,対応関係の即答,2空欄補充,直前対策,高,国や地域でAI規制が違うため、海外展開では現地の（　1　）、個人情報保護、業界（　2　）を確認する。,基準／法規制,推定／プライバシー,法規制／基準,推論／代替,C,空欄1は『法規制』、空欄2は『基準』。法律倫理では、2語の役割・順番・対象を取り違えないことが重要。,不適切。『基準／法規制』は、この文の空欄1・空欄2の対応と合わない。,不適切。『推定／プライバシー』は、この文の空欄1・空欄2の対応と合わない。,正解。,不適切。『推論／代替』は、この文の空欄1・空欄2の対応と合わない。,2箇所穴埋めは、用語を単独で覚えるより、概念の対応関係・順番・対象を問う。本番では入れ替え選択肢に注意。,法律倫理;法規制;基準;2箇所穴埋め;G検定,さいはての未来では、イオが2つの概念の接続を観測して取り違えを避ける。四年五組なら、うっけの逆回答をカサネが静かに戻す。
FB03-131,FinalBoost_Set03,本番直前・2箇所穴埋め対応関係,2箇所穴埋め,法律倫理,G検定横断領域,対応関係の即答,2空欄補充,直前対策,高,生成AIへの入力前には、顧客名や契約条件などを（　1　）対象として扱い、必要に応じて（　2　）する。,伏せ／機密,情報／追加,機密／伏せ,精度／性能,C,空欄1は『機密』、空欄2は『伏せ』。法律倫理では、2語の役割・順番・対象を取り違えないことが重要。,不適切。『伏せ／機密』は、この文の空欄1・空欄2の対応と合わない。,不適切。『情報／追加』は、この文の空欄1・空欄2の対応と合わない。,正解。,不適切。『精度／性能』は、この文の空欄1・空欄2の対応と合わない。,2箇所穴埋めは、用語を単独で覚えるより、概念の対応関係・順番・対象を問う。本番では入れ替え選択肢に注意。,法律倫理;機密;伏せ;2箇所穴埋め;G検定,さいはての未来では、イオが2つの概念の接続を観測して取り違えを避ける。四年五組なら、うっけの逆回答をカサネが静かに戻す。
FB03-132,FinalBoost_Set03,本番直前・2箇所穴埋め対応関係,2箇所穴埋め,法律倫理,G検定横断領域,対応関係の即答,2空欄補充,直前対策,高,社内ルールでは、入力禁止情報、出力確認、承認済みツール、（　1　）窓口、違反時の（　2　）を決める。,対応／相談,ライセンス／影響,相談／対応,低下／適合,C,空欄1は『相談』、空欄2は『対応』。法律倫理では、2語の役割・順番・対象を取り違えないことが重要。,不適切。『対応／相談』は、この文の空欄1・空欄2の対応と合わない。,不適切。『ライセンス／影響』は、この文の空欄1・空欄2の対応と合わない。,正解。,不適切。『低下／適合』は、この文の空欄1・空欄2の対応と合わない。,2箇所穴埋めは、用語を単独で覚えるより、概念の対応関係・順番・対象を問う。本番では入れ替え選択肢に注意。,法律倫理;相談;対応;2箇所穴埋め;G検定,さいはての未来では、イオが2つの概念の接続を観測して取り違えを避ける。四年五組なら、うっけの逆回答をカサネが静かに戻す。
FB03-133,FinalBoost_Set03,本番直前・2箇所穴埋め対応関係,2箇所穴埋め,法律倫理,G検定横断領域,対応関係の即答,2空欄補充,直前対策,高,AIの公平性監査では、属性別の性能差だけでなく、データ収集過程の（　1　）と、運用後の（　2　）を確認する。,影響／偏り,事前／強化,偏り／影響,在庫／効果,C,空欄1は『偏り』、空欄2は『影響』。法律倫理では、2語の役割・順番・対象を取り違えないことが重要。,不適切。『影響／偏り』は、この文の空欄1・空欄2の対応と合わない。,不適切。『事前／強化』は、この文の空欄1・空欄2の対応と合わない。,正解。,不適切。『在庫／効果』は、この文の空欄1・空欄2の対応と合わない。,2箇所穴埋めは、用語を単独で覚えるより、概念の対応関係・順番・対象を問う。本番では入れ替え選択肢に注意。,法律倫理;偏り;影響;2箇所穴埋め;G検定,さいはての未来では、イオが2つの概念の接続を観測して取り違えを避ける。四年五組なら、うっけの逆回答をカサネが静かに戻す。
FB03-134,FinalBoost_Set03,本番直前・2箇所穴埋め対応関係,2箇所穴埋め,法律倫理,G検定横断領域,対応関係の即答,2空欄補充,直前対策,高,AIが不利益な判定を出した場合、利用者が結果を（　1　）できる説明と、異議を（　2　）できる導線が必要である。,申し立て／理解,人間／運用,理解／申し立て,調整／処理能力,C,空欄1は『理解』、空欄2は『申し立て』。法律倫理では、2語の役割・順番・対象を取り違えないことが重要。,不適切。『申し立て／理解』は、この文の空欄1・空欄2の対応と合わない。,不適切。『人間／運用』は、この文の空欄1・空欄2の対応と合わない。,正解。,不適切。『調整／処理能力』は、この文の空欄1・空欄2の対応と合わない。,2箇所穴埋めは、用語を単独で覚えるより、概念の対応関係・順番・対象を問う。本番では入れ替え選択肢に注意。,法律倫理;理解;申し立て;2箇所穴埋め;G検定,さいはての未来では、イオが2つの概念の接続を観測して取り違えを避ける。四年五組なら、うっけの逆回答をカサネが静かに戻す。
FB03-135,FinalBoost_Set03,本番直前・2箇所穴埋め対応関係,2箇所穴埋め,法律倫理,G検定横断領域,対応関係の即答,2空欄補充,直前対策,高,高リスクAIでは完全自動化だけでなく、人間の（　1　）と、AIを止める（　2　）を用意する。,手段／監督,限定／設定,監督／手段,抑制／満足度,C,空欄1は『監督』、空欄2は『手段』。法律倫理では、2語の役割・順番・対象を取り違えないことが重要。,不適切。『手段／監督』は、この文の空欄1・空欄2の対応と合わない。,不適切。『限定／設定』は、この文の空欄1・空欄2の対応と合わない。,正解。,不適切。『抑制／満足度』は、この文の空欄1・空欄2の対応と合わない。,2箇所穴埋めは、用語を単独で覚えるより、概念の対応関係・順番・対象を問う。本番では入れ替え選択肢に注意。,法律倫理;監督;手段;2箇所穴埋め;G検定,さいはての未来では、イオが2つの概念の接続を観測して取り違えを避ける。四年五組なら、うっけの逆回答をカサネが静かに戻す。
FB03-136,FinalBoost_Set03,本番直前・2箇所穴埋め対応関係,2箇所穴埋め,法律倫理,G検定横断領域,対応関係の即答,2空欄補充,直前対策,高,AIプロジェクトの責任分担では、データ提供者、モデル開発者、運用者、利用部門の（　1　）を明確にし、事故時の（　2　）を決める。,対応／役割,確認／リスク,役割／対応,確認／判断,C,空欄1は『役割』、空欄2は『対応』。法律倫理では、2語の役割・順番・対象を取り違えないことが重要。,不適切。『対応／役割』は、この文の空欄1・空欄2の対応と合わない。,不適切。『確認／リスク』は、この文の空欄1・空欄2の対応と合わない。,正解。,不適切。『確認／判断』は、この文の空欄1・空欄2の対応と合わない。,2箇所穴埋めは、用語を単独で覚えるより、概念の対応関係・順番・対象を問う。本番では入れ替え選択肢に注意。,法律倫理;役割;対応;2箇所穴埋め;G検定,さいはての未来では、イオが2つの概念の接続を観測して取り違えを避ける。四年五組なら、うっけの逆回答をカサネが静かに戻す。
FB03-137,FinalBoost_Set03,本番直前・2箇所穴埋め対応関係,2箇所穴埋め,法律倫理,G検定横断領域,対応関係の即答,2空欄補充,直前対策,高,モデルカードは透明性向上に役立つが、記載しただけで安全が（　1　）されるわけではなく、実運用での（　2　）が必要である。,監視／保証,影響／救済,保証／監視,変化／性能,C,空欄1は『保証』、空欄2は『監視』。法律倫理では、2語の役割・順番・対象を取り違えないことが重要。,不適切。『監視／保証』は、この文の空欄1・空欄2の対応と合わない。,不適切。『影響／救済』は、この文の空欄1・空欄2の対応と合わない。,正解。,不適切。『変化／性能』は、この文の空欄1・空欄2の対応と合わない。,2箇所穴埋めは、用語を単独で覚えるより、概念の対応関係・順番・対象を問う。本番では入れ替え選択肢に注意。,法律倫理;保証;監視;2箇所穴埋め;G検定,さいはての未来では、イオが2つの概念の接続を観測して取り違えを避ける。四年五組なら、うっけの逆回答をカサネが静かに戻す。
FB03-138,FinalBoost_Set03,本番直前・2箇所穴埋め対応関係,2箇所穴埋め,法律倫理,G検定横断領域,対応関係の即答,2空欄補充,直前対策,高,データシートはデータの背景を説明するが、データ利用時には目的への（　1　）と、法的・倫理的（　2　）も確認する。,制約／適合性,確認／利用者,適合性／制約,公平性／運用,C,空欄1は『適合性』、空欄2は『制約』。法律倫理では、2語の役割・順番・対象を取り違えないことが重要。,不適切。『制約／適合性』は、この文の空欄1・空欄2の対応と合わない。,不適切。『確認／利用者』は、この文の空欄1・空欄2の対応と合わない。,正解。,不適切。『公平性／運用』は、この文の空欄1・空欄2の対応と合わない。,2箇所穴埋めは、用語を単独で覚えるより、概念の対応関係・順番・対象を問う。本番では入れ替え選択肢に注意。,法律倫理;適合性;制約;2箇所穴埋め;G検定,さいはての未来では、イオが2つの概念の接続を観測して取り違えを避ける。四年五組なら、うっけの逆回答をカサネが静かに戻す。
FB03-139,FinalBoost_Set03,本番直前・2箇所穴埋め対応関係,2箇所穴埋め,法律倫理,G検定横断領域,対応関係の即答,2空欄補充,直前対策,高,AIの安全性は技術的精度だけでなく、誤用、悪用、（　1　）、プライバシー侵害への（　2　）を含む。,対策／漏えい,業務影響／対応,漏えい／対策,誤回答／引き継ぎ,C,空欄1は『漏えい』、空欄2は『対策』。法律倫理では、2語の役割・順番・対象を取り違えないことが重要。,不適切。『対策／漏えい』は、この文の空欄1・空欄2の対応と合わない。,不適切。『業務影響／対応』は、この文の空欄1・空欄2の対応と合わない。,正解。,不適切。『誤回答／引き継ぎ』は、この文の空欄1・空欄2の対応と合わない。,2箇所穴埋めは、用語を単独で覚えるより、概念の対応関係・順番・対象を問う。本番では入れ替え選択肢に注意。,法律倫理;漏えい;対策;2箇所穴埋め;G検定,さいはての未来では、イオが2つの概念の接続を観測して取り違えを避ける。四年五組なら、うっけの逆回答をカサネが静かに戻す。
FB03-140,FinalBoost_Set03,本番直前・2箇所穴埋め対応関係,2箇所穴埋め,法律倫理,G検定横断領域,対応関係の即答,2空欄補充,直前対策,高,個人情報を含むログを改善に使う場合、利用目的、保存期間、アクセス権、（　1　）、削除手順を（　2　）する。,定義／マスキング,ロールバック／記録,マスキング／定義,固定的／偏見,C,空欄1は『マスキング』、空欄2は『定義』。法律倫理では、2語の役割・順番・対象を取り違えないことが重要。,不適切。『定義／マスキング』は、この文の空欄1・空欄2の対応と合わない。,不適切。『ロールバック／記録』は、この文の空欄1・空欄2の対応と合わない。,正解。,不適切。『固定的／偏見』は、この文の空欄1・空欄2の対応と合わない。,2箇所穴埋めは、用語を単独で覚えるより、概念の対応関係・順番・対象を問う。本番では入れ替え選択肢に注意。,法律倫理;マスキング;定義;2箇所穴埋め;G検定,さいはての未来では、イオが2つの概念の接続を観測して取り違えを避ける。四年五組なら、うっけの逆回答をカサネが静かに戻す。
FB03-141,FinalBoost_Set03,本番直前・2箇所穴埋め対応関係,2箇所穴埋め,法律倫理,G検定横断領域,対応関係の即答,2空欄補充,直前対策,高,統計データを公開する場合、少数セルや組み合わせから個人が（　1　）されないよう、集計粒度や（　2　）付与を検討する。,ノイズ／推測,限定／確認,推測／ノイズ,退避／引き継ぎ,C,空欄1は『推測』、空欄2は『ノイズ』。法律倫理では、2語の役割・順番・対象を取り違えないことが重要。,不適切。『ノイズ／推測』は、この文の空欄1・空欄2の対応と合わない。,不適切。『限定／確認』は、この文の空欄1・空欄2の対応と合わない。,正解。,不適切。『退避／引き継ぎ』は、この文の空欄1・空欄2の対応と合わない。,2箇所穴埋めは、用語を単独で覚えるより、概念の対応関係・順番・対象を問う。本番では入れ替え選択肢に注意。,法律倫理;推測;ノイズ;2箇所穴埋め;G検定,さいはての未来では、イオが2つの概念の接続を観測して取り違えを避ける。四年五組なら、うっけの逆回答をカサネが静かに戻す。
FB03-142,FinalBoost_Set03,本番直前・2箇所穴埋め対応関係,2箇所穴埋め,法律倫理,G検定横断領域,対応関係の即答,2空欄補充,直前対策,高,差分プライバシーは個人の参加有無の影響を（　1　）しにくくする考え方で、通常はノイズなどで（　2　）を保護する。,プライバシー／推定,差／効果,推定／プライバシー,センサーフュージョン／弱点,C,空欄1は『推定』、空欄2は『プライバシー』。法律倫理では、2語の役割・順番・対象を取り違えないことが重要。,不適切。『プライバシー／推定』は、この文の空欄1・空欄2の対応と合わない。,不適切。『差／効果』は、この文の空欄1・空欄2の対応と合わない。,正解。,不適切。『センサーフュージョン／弱点』は、この文の空欄1・空欄2の対応と合わない。,2箇所穴埋めは、用語を単独で覚えるより、概念の対応関係・順番・対象を問う。本番では入れ替え選択肢に注意。,法律倫理;推定;プライバシー;2箇所穴埋め;G検定,さいはての未来では、イオが2つの概念の接続を観測して取り違えを避ける。四年五組なら、うっけの逆回答をカサネが静かに戻す。
FB03-143,FinalBoost_Set03,本番直前・2箇所穴埋め対応関係,2箇所穴埋め,法律倫理,G検定横断領域,対応関係の即答,2空欄補充,直前対策,高,連合学習はデータを中央に集めないが、更新情報からの（　1　）漏えいリスクがゼロではないため、（　2　）対策も検討する。,追加／情報,誤動作／検知,情報／追加,移動／地図,C,空欄1は『情報』、空欄2は『追加』。法律倫理では、2語の役割・順番・対象を取り違えないことが重要。,不適切。『追加／情報』は、この文の空欄1・空欄2の対応と合わない。,不適切。『誤動作／検知』は、この文の空欄1・空欄2の対応と合わない。,正解。,不適切。『移動／地図』は、この文の空欄1・空欄2の対応と合わない。,2箇所穴埋めは、用語を単独で覚えるより、概念の対応関係・順番・対象を問う。本番では入れ替え選択肢に注意。,法律倫理;情報;追加;2箇所穴埋め;G検定,さいはての未来では、イオが2つの概念の接続を観測して取り違えを避ける。四年五組なら、うっけの逆回答をカサネが静かに戻す。
FB03-144,FinalBoost_Set03,本番直前・2箇所穴埋め対応関係,2箇所穴埋め,法律倫理,G検定横断領域,対応関係の即答,2空欄補充,直前対策,高,AIサプライチェーンでは、モデル・データ・ライブラリ・APIの由来を把握し、脆弱性や（　1　）、変更時の（　2　）を管理する。,影響／ライセンス,計算／高め,ライセンス／影響,評価／更新,C,空欄1は『ライセンス』、空欄2は『影響』。法律倫理では、2語の役割・順番・対象を取り違えないことが重要。,不適切。『影響／ライセンス』は、この文の空欄1・空欄2の対応と合わない。,不適切。『計算／高め』は、この文の空欄1・空欄2の対応と合わない。,正解。,不適切。『評価／更新』は、この文の空欄1・空欄2の対応と合わない。,2箇所穴埋めは、用語を単独で覚えるより、概念の対応関係・順番・対象を問う。本番では入れ替え選択肢に注意。,法律倫理;ライセンス;影響;2箇所穴埋め;G検定,さいはての未来では、イオが2つの概念の接続を観測して取り違えを避ける。四年五組なら、うっけの逆回答をカサネが静かに戻す。
FB03-145,FinalBoost_Set03,本番直前・2箇所穴埋め対応関係,2箇所穴埋め,法律倫理,G検定横断領域,対応関係の即答,2空欄補充,直前対策,高,レッドチーミングは公開前に攻撃的入力を試し、脆弱性や有害出力を（　1　）に見つけ、対策を（　2　）する。,強化／事前,影響／効率,事前／強化,プライバシー／説明,C,空欄1は『事前』、空欄2は『強化』。法律倫理では、2語の役割・順番・対象を取り違えないことが重要。,不適切。『強化／事前』は、この文の空欄1・空欄2の対応と合わない。,不適切。『影響／効率』は、この文の空欄1・空欄2の対応と合わない。,正解。,不適切。『プライバシー／説明』は、この文の空欄1・空欄2の対応と合わない。,2箇所穴埋めは、用語を単独で覚えるより、概念の対応関係・順番・対象を問う。本番では入れ替え選択肢に注意。,法律倫理;事前;強化;2箇所穴埋め;G検定,さいはての未来では、イオが2つの概念の接続を観測して取り違えを避ける。四年五組なら、うっけの逆回答をカサネが静かに戻す。
FB03-146,FinalBoost_Set03,本番直前・2箇所穴埋め対応関係,2箇所穴埋め,法律倫理,G検定横断領域,対応関係の即答,2空欄補充,直前対策,高,ガードレールは入力や出力を制御する仕組みだが、万能ではないため、評価、監視、（　1　）確認を組み合わせ、（　2　）する。,運用／人間,追跡／明確化,人間／運用,不明／接続,C,空欄1は『人間』、空欄2は『運用』。法律倫理では、2語の役割・順番・対象を取り違えないことが重要。,不適切。『運用／人間』は、この文の空欄1・空欄2の対応と合わない。,不適切。『追跡／明確化』は、この文の空欄1・空欄2の対応と合わない。,正解。,不適切。『不明／接続』は、この文の空欄1・空欄2の対応と合わない。,2箇所穴埋めは、用語を単独で覚えるより、概念の対応関係・順番・対象を問う。本番では入れ替え選択肢に注意。,法律倫理;人間;運用;2箇所穴埋め;G検定,さいはての未来では、イオが2つの概念の接続を観測して取り違えを避ける。四年五組なら、うっけの逆回答をカサネが静かに戻す。
FB03-147,FinalBoost_Set03,本番直前・2箇所穴埋め対応関係,2箇所穴埋め,法律倫理,G検定横断領域,対応関係の即答,2空欄補充,直前対策,高,自律エージェントの事故を防ぐには、実行可能な操作を（　1　）し、承認点と停止条件を（　2　）する。,設定／限定,特定／高め,限定／設定,欠落／変化,C,空欄1は『限定』、空欄2は『設定』。法律倫理では、2語の役割・順番・対象を取り違えないことが重要。,不適切。『設定／限定』は、この文の空欄1・空欄2の対応と合わない。,不適切。『特定／高め』は、この文の空欄1・空欄2の対応と合わない。,正解。,不適切。『欠落／変化』は、この文の空欄1・空欄2の対応と合わない。,2箇所穴埋めは、用語を単独で覚えるより、概念の対応関係・順番・対象を問う。本番では入れ替え選択肢に注意。,法律倫理;限定;設定;2箇所穴埋め;G検定,さいはての未来では、イオが2つの概念の接続を観測して取り違えを避ける。四年五組なら、うっけの逆回答をカサネが静かに戻す。
FB03-148,FinalBoost_Set03,本番直前・2箇所穴埋め対応関係,2箇所穴埋め,法律倫理,G検定横断領域,対応関係の即答,2空欄補充,直前対策,高,ディープフェイク対策では、検出技術だけでなく、重要指示を別経路で（　1　）し、なりすましの（　2　）を下げる。,リスク／確認,復旧／影響,確認／リスク,意味／確認,C,空欄1は『確認』、空欄2は『リスク』。法律倫理では、2語の役割・順番・対象を取り違えないことが重要。,不適切。『リスク／確認』は、この文の空欄1・空欄2の対応と合わない。,不適切。『復旧／影響』は、この文の空欄1・空欄2の対応と合わない。,正解。,不適切。『意味／確認』は、この文の空欄1・空欄2の対応と合わない。,2箇所穴埋めは、用語を単独で覚えるより、概念の対応関係・順番・対象を問う。本番では入れ替え選択肢に注意。,法律倫理;確認;リスク;2箇所穴埋め;G検定,さいはての未来では、イオが2つの概念の接続を観測して取り違えを避ける。四年五組なら、うっけの逆回答をカサネが静かに戻す。
FB03-149,FinalBoost_Set03,本番直前・2箇所穴埋め対応関係,2箇所穴埋め,法律倫理,G検定横断領域,対応関係の即答,2空欄補充,直前対策,高,AI倫理では、技術的に可能かだけでなく、社会的に受け入れられるか、誰に（　1　）が及ぶか、説明と（　2　）が可能かを考える。,救済／影響,業務／統合,影響／救済,要件／レビュー,C,空欄1は『影響』、空欄2は『救済』。法律倫理では、2語の役割・順番・対象を取り違えないことが重要。,不適切。『救済／影響』は、この文の空欄1・空欄2の対応と合わない。,不適切。『業務／統合』は、この文の空欄1・空欄2の対応と合わない。,正解。,不適切。『要件／レビュー』は、この文の空欄1・空欄2の対応と合わない。,2箇所穴埋めは、用語を単独で覚えるより、概念の対応関係・順番・対象を問う。本番では入れ替え選択肢に注意。,法律倫理;影響;救済;2箇所穴埋め;G検定,さいはての未来では、イオが2つの概念の接続を観測して取り違えを避ける。四年五組なら、うっけの逆回答をカサネが静かに戻す。
FB03-150,FinalBoost_Set03,本番直前・2箇所穴埋め対応関係,2箇所穴埋め,法律倫理,G検定横断領域,対応関係の即答,2空欄補充,直前対策,高,生成AIで社外文書を作る場合、事実確認、権利確認、機密確認に加え、最終的な（　1　）責任は（　2　）側に残る。,利用者／確認,維持／評価,確認／利用者,偏り／影響,C,空欄1は『確認』、空欄2は『利用者』。法律倫理では、2語の役割・順番・対象を取り違えないことが重要。,不適切。『利用者／確認』は、この文の空欄1・空欄2の対応と合わない。,不適切。『維持／評価』は、この文の空欄1・空欄2の対応と合わない。,正解。,不適切。『偏り／影響』は、この文の空欄1・空欄2の対応と合わない。,2箇所穴埋めは、用語を単独で覚えるより、概念の対応関係・順番・対象を問う。本番では入れ替え選択肢に注意。,法律倫理;確認;利用者;2箇所穴埋め;G検定,さいはての未来では、イオが2つの概念の接続を観測して取り違えを避ける。四年五組なら、うっけの逆回答をカサネが静かに戻す。
FB03-151,FinalBoost_Set03,本番直前・2箇所穴埋め対応関係,2箇所穴埋め,MLOps,G検定横断領域,対応関係の即答,2空欄補充,直前対策,高,AIモデルのデプロイ後は、予測性能だけでなく入力分布、応答時間、エラー、（　1　）を監視し、異常時に（　2　）する。,対応／業務影響,破滅的／検証,代替／リスク,業務影響／対応,D,空欄1は『業務影響』、空欄2は『対応』。MLOpsでは、2語の役割・順番・対象を取り違えないことが重要。,不適切。『対応／業務影響』は、この文の空欄1・空欄2の対応と合わない。,不適切。『破滅的／検証』は、この文の空欄1・空欄2の対応と合わない。,不適切。『代替／リスク』は、この文の空欄1・空欄2の対応と合わない。,正解。,2箇所穴埋めは、用語を単独で覚えるより、概念の対応関係・順番・対象を問う。本番では入れ替え選択肢に注意。,MLOps;業務影響;対応;2箇所穴埋め;G検定,さいはての未来では、イオが2つの概念の接続を観測して取り違えを避ける。四年五組なら、うっけの逆回答をカサネが静かに戻す。
FB03-152,FinalBoost_Set03,本番直前・2箇所穴埋め対応関係,2箇所穴埋め,MLOps,G検定横断領域,対応関係の即答,2空欄補充,直前対策,高,モデル更新では更新前後の性能差を比較し、問題が出たら旧版へ戻す（　1　）を用意し、変更履歴を（　2　）する。,記録／ロールバック,緊急／原因,明示／制限,ロールバック／記録,D,空欄1は『ロールバック』、空欄2は『記録』。MLOpsでは、2語の役割・順番・対象を取り違えないことが重要。,不適切。『記録／ロールバック』は、この文の空欄1・空欄2の対応と合わない。,不適切。『緊急／原因』は、この文の空欄1・空欄2の対応と合わない。,不適切。『明示／制限』は、この文の空欄1・空欄2の対応と合わない。,正解。,2箇所穴埋めは、用語を単独で覚えるより、概念の対応関係・順番・対象を問う。本番では入れ替え選択肢に注意。,MLOps;ロールバック;記録;2箇所穴埋め;G検定,さいはての未来では、イオが2つの概念の接続を観測して取り違えを避ける。四年五組なら、うっけの逆回答をカサネが静かに戻す。
FB03-153,FinalBoost_Set03,本番直前・2箇所穴埋め対応関係,2箇所穴埋め,MLOps,G検定横断領域,対応関係の即答,2空欄補充,直前対策,高,カナリアリリースでは一部利用者や一部トラフィックに新モデルを出し、影響範囲を（　1　）しながら（　2　）する。,確認／限定,品質／遅延,対応関係／入れ替え,限定／確認,D,空欄1は『限定』、空欄2は『確認』。MLOpsでは、2語の役割・順番・対象を取り違えないことが重要。,不適切。『確認／限定』は、この文の空欄1・空欄2の対応と合わない。,不適切。『品質／遅延』は、この文の空欄1・空欄2の対応と合わない。,不適切。『対応関係／入れ替え』は、この文の空欄1・空欄2の対応と合わない。,正解。,2箇所穴埋めは、用語を単独で覚えるより、概念の対応関係・順番・対象を問う。本番では入れ替え選択肢に注意。,MLOps;限定;確認;2箇所穴埋め;G検定,さいはての未来では、イオが2つの概念の接続を観測して取り違えを避ける。四年五組なら、うっけの逆回答をカサネが静かに戻す。
FB03-154,FinalBoost_Set03,本番直前・2箇所穴埋め対応関係,2箇所穴埋め,MLOps,G検定横断領域,対応関係の即答,2空欄補充,直前対策,高,A/Bテストでは利用者を分けて新旧案を比較し、統計的な（　1　）と業務上の（　2　）を合わせて見る。,効果／差,キュー制御／負荷,構造／報酬,差／効果,D,空欄1は『差』、空欄2は『効果』。MLOpsでは、2語の役割・順番・対象を取り違えないことが重要。,不適切。『効果／差』は、この文の空欄1・空欄2の対応と合わない。,不適切。『キュー制御／負荷』は、この文の空欄1・空欄2の対応と合わない。,不適切。『構造／報酬』は、この文の空欄1・空欄2の対応と合わない。,正解。,2箇所穴埋めは、用語を単独で覚えるより、概念の対応関係・順番・対象を問う。本番では入れ替え選択肢に注意。,MLOps;差;効果;2箇所穴埋め;G検定,さいはての未来では、イオが2つの概念の接続を観測して取り違えを避ける。四年五組なら、うっけの逆回答をカサネが静かに戻す。
FB03-155,FinalBoost_Set03,本番直前・2箇所穴埋め対応関係,2箇所穴埋め,MLOps,G検定横断領域,対応関係の即答,2空欄補充,直前対策,高,データ契約は入力データの列・型・意味を定め、仕様変更によるモデルの（　1　）を防ぎ、異常を（　2　）する。,検知／誤動作,互換性／復旧,未学習／方向,誤動作／検知,D,空欄1は『誤動作』、空欄2は『検知』。MLOpsでは、2語の役割・順番・対象を取り違えないことが重要。,不適切。『検知／誤動作』は、この文の空欄1・空欄2の対応と合わない。,不適切。『互換性／復旧』は、この文の空欄1・空欄2の対応と合わない。,不適切。『未学習／方向』は、この文の空欄1・空欄2の対応と合わない。,正解。,2箇所穴埋めは、用語を単独で覚えるより、概念の対応関係・順番・対象を問う。本番では入れ替え選択肢に注意。,MLOps;誤動作;検知;2箇所穴埋め;G検定,さいはての未来では、イオが2つの概念の接続を観測して取り違えを避ける。四年五組なら、うっけの逆回答をカサネが静かに戻す。
FB03-156,FinalBoost_Set03,本番直前・2箇所穴埋め対応関係,2箇所穴埋め,MLOps,G検定横断領域,対応関係の即答,2空欄補充,直前対策,高,特徴量ストアは特徴量の定義を共有し、学習時と推論時の（　1　）ずれを減らし、再利用性を（　2　）る。,高め／計算,推論／代替,偽陰性／偽陽性,計算／高め,D,空欄1は『計算』、空欄2は『高め』。MLOpsでは、2語の役割・順番・対象を取り違えないことが重要。,不適切。『高め／計算』は、この文の空欄1・空欄2の対応と合わない。,不適切。『推論／代替』は、この文の空欄1・空欄2の対応と合わない。,不適切。『偽陰性／偽陽性』は、この文の空欄1・空欄2の対応と合わない。,正解。,2箇所穴埋めは、用語を単独で覚えるより、概念の対応関係・順番・対象を問う。本番では入れ替え選択肢に注意。,MLOps;計算;高め;2箇所穴埋め;G検定,さいはての未来では、イオが2つの概念の接続を観測して取り違えを避ける。四年五組なら、うっけの逆回答をカサネが静かに戻す。
FB03-157,FinalBoost_Set03,本番直前・2箇所穴埋め対応関係,2箇所穴埋め,MLOps,G検定横断領域,対応関係の即答,2空欄補充,直前対策,高,モデル登録簿はモデルの用途や版、評価結果を管理し、利用状況や（　1　）範囲を把握し、監査の（　2　）を高める。,効率／影響,精度／性能,根拠／版,影響／効率,D,空欄1は『影響』、空欄2は『効率』。MLOpsでは、2語の役割・順番・対象を取り違えないことが重要。,不適切。『効率／影響』は、この文の空欄1・空欄2の対応と合わない。,不適切。『精度／性能』は、この文の空欄1・空欄2の対応と合わない。,不適切。『根拠／版』は、この文の空欄1・空欄2の対応と合わない。,正解。,2箇所穴埋めは、用語を単独で覚えるより、概念の対応関係・順番・対象を問う。本番では入れ替え選択肢に注意。,MLOps;影響;効率;2箇所穴埋め;G検定,さいはての未来では、イオが2つの概念の接続を観測して取り違えを避ける。四年五組なら、うっけの逆回答をカサネが静かに戻す。
FB03-158,FinalBoost_Set03,本番直前・2箇所穴埋め対応関係,2箇所穴埋め,MLOps,G検定横断領域,対応関係の即答,2空欄補充,直前対策,高,監査ログでは誰が、いつ、何を入力し、どのモデルが何を出したかを記録し、判断の（　1　）と責任の（　2　）を支える。,明確化／追跡,低下／適合,整合性／確認,追跡／明確化,D,空欄1は『追跡』、空欄2は『明確化』。MLOpsでは、2語の役割・順番・対象を取り違えないことが重要。,不適切。『明確化／追跡』は、この文の空欄1・空欄2の対応と合わない。,不適切。『低下／適合』は、この文の空欄1・空欄2の対応と合わない。,不適切。『整合性／確認』は、この文の空欄1・空欄2の対応と合わない。,正解。,2箇所穴埋めは、用語を単独で覚えるより、概念の対応関係・順番・対象を問う。本番では入れ替え選択肢に注意。,MLOps;追跡;明確化;2箇所穴埋め;G検定,さいはての未来では、イオが2つの概念の接続を観測して取り違えを避ける。四年五組なら、うっけの逆回答をカサネが静かに戻す。
FB03-159,FinalBoost_Set03,本番直前・2箇所穴埋め対応関係,2箇所穴埋め,MLOps,G検定横断領域,対応関係の即答,2空欄補充,直前対策,高,データリネージはデータの加工経路をたどる仕組みで、問題発生時に原因データや処理を（　1　）し、再現性を（　2　）る。,高め／特定,在庫／効果,監視／対応,特定／高め,D,空欄1は『特定』、空欄2は『高め』。MLOpsでは、2語の役割・順番・対象を取り違えないことが重要。,不適切。『高め／特定』は、この文の空欄1・空欄2の対応と合わない。,不適切。『在庫／効果』は、この文の空欄1・空欄2の対応と合わない。,不適切。『監視／対応』は、この文の空欄1・空欄2の対応と合わない。,正解。,2箇所穴埋めは、用語を単独で覚えるより、概念の対応関係・順番・対象を問う。本番では入れ替え選択肢に注意。,MLOps;特定;高め;2箇所穴埋め;G検定,さいはての未来では、イオが2つの概念の接続を観測して取り違えを避ける。四年五組なら、うっけの逆回答をカサネが静かに戻す。
FB03-160,FinalBoost_Set03,本番直前・2箇所穴埋め対応関係,2箇所穴埋め,MLOps,G検定横断領域,対応関係の即答,2空欄補充,直前対策,高,SLAはサービスの可用性や応答時間を定め、AI API障害時には代替手段や（　1　）手順で業務への（　2　）を抑える。,影響／復旧,調整／処理能力,照合／範囲,復旧／影響,D,空欄1は『復旧』、空欄2は『影響』。MLOpsでは、2語の役割・順番・対象を取り違えないことが重要。,不適切。『影響／復旧』は、この文の空欄1・空欄2の対応と合わない。,不適切。『調整／処理能力』は、この文の空欄1・空欄2の対応と合わない。,不適切。『照合／範囲』は、この文の空欄1・空欄2の対応と合わない。,正解。,2箇所穴埋めは、用語を単独で覚えるより、概念の対応関係・順番・対象を問う。本番では入れ替え選択肢に注意。,MLOps;復旧;影響;2箇所穴埋め;G検定,さいはての未来では、イオが2つの概念の接続を観測して取り違えを避ける。四年五組なら、うっけの逆回答をカサネが静かに戻す。
FB03-161,FinalBoost_Set03,本番直前・2箇所穴埋め対応関係,2箇所穴埋め,MLOps,G検定横断領域,対応関係の即答,2空欄補充,直前対策,高,AIの運用監視では、分布変化だけでなく、ユーザー苦情や業務KPIも見て、技術指標と（　1　）指標を（　2　）して判断する。,統合／業務,抑制／満足度,拡張／依存,業務／統合,D,空欄1は『業務』、空欄2は『統合』。MLOpsでは、2語の役割・順番・対象を取り違えないことが重要。,不適切。『統合／業務』は、この文の空欄1・空欄2の対応と合わない。,不適切。『抑制／満足度』は、この文の空欄1・空欄2の対応と合わない。,不適切。『拡張／依存』は、この文の空欄1・空欄2の対応と合わない。,正解。,2箇所穴埋めは、用語を単独で覚えるより、概念の対応関係・順番・対象を問う。本番では入れ替え選択肢に注意。,MLOps;業務;統合;2箇所穴埋め;G検定,さいはての未来では、イオが2つの概念の接続を観測して取り違えを避ける。四年五組なら、うっけの逆回答をカサネが静かに戻す。
FB03-162,FinalBoost_Set03,本番直前・2箇所穴埋め対応関係,2箇所穴埋め,MLOps,G検定横断領域,対応関係の即答,2空欄補充,直前対策,高,モデル再学習では新データを追加するだけでなく、古い性能の（　1　）や破滅的忘却がないか、（　2　）データで確認する。,評価／維持,確認／判断,安全性／責任,維持／評価,D,空欄1は『維持』、空欄2は『評価』。MLOpsでは、2語の役割・順番・対象を取り違えないことが重要。,不適切。『評価／維持』は、この文の空欄1・空欄2の対応と合わない。,不適切。『確認／判断』は、この文の空欄1・空欄2の対応と合わない。,不適切。『安全性／責任』は、この文の空欄1・空欄2の対応と合わない。,正解。,2箇所穴埋めは、用語を単独で覚えるより、概念の対応関係・順番・対象を問う。本番では入れ替え選択肢に注意。,MLOps;維持;評価;2箇所穴埋め;G検定,さいはての未来では、イオが2つの概念の接続を観測して取り違えを避ける。四年五組なら、うっけの逆回答をカサネが静かに戻す。
FB03-163,FinalBoost_Set03,本番直前・2箇所穴埋め対応関係,2箇所穴埋め,MLOps,G検定横断領域,対応関係の即答,2空欄補充,直前対策,高,継続学習では新しい分布へ適応する一方、過去の知識を失う（　1　）忘却に注意し、過去データで（　2　）する。,検証／破滅的,変化／性能,パターン／ルール,破滅的／検証,D,空欄1は『破滅的』、空欄2は『検証』。MLOpsでは、2語の役割・順番・対象を取り違えないことが重要。,不適切。『検証／破滅的』は、この文の空欄1・空欄2の対応と合わない。,不適切。『変化／性能』は、この文の空欄1・空欄2の対応と合わない。,不適切。『パターン／ルール』は、この文の空欄1・空欄2の対応と合わない。,正解。,2箇所穴埋めは、用語を単独で覚えるより、概念の対応関係・順番・対象を問う。本番では入れ替え選択肢に注意。,MLOps;破滅的;検証;2箇所穴埋め;G検定,さいはての未来では、イオが2つの概念の接続を観測して取り違えを避ける。四年五組なら、うっけの逆回答をカサネが静かに戻す。
FB03-164,FinalBoost_Set03,本番直前・2箇所穴埋め対応関係,2箇所穴埋め,MLOps,G検定横断領域,対応関係の即答,2空欄補充,直前対策,高,本番AIの障害対応では、原因調査前に被害拡大を止める（　1　）措置を行い、その後で（　2　）分析を進める。,原因／緊急,公平性／運用,エキスパートシステム／深層学習,緊急／原因,D,空欄1は『緊急』、空欄2は『原因』。MLOpsでは、2語の役割・順番・対象を取り違えないことが重要。,不適切。『原因／緊急』は、この文の空欄1・空欄2の対応と合わない。,不適切。『公平性／運用』は、この文の空欄1・空欄2の対応と合わない。,不適切。『エキスパートシステム／深層学習』は、この文の空欄1・空欄2の対応と合わない。,正解。,2箇所穴埋めは、用語を単独で覚えるより、概念の対応関係・順番・対象を問う。本番では入れ替え選択肢に注意。,MLOps;緊急;原因;2箇所穴埋め;G検定,さいはての未来では、イオが2つの概念の接続を観測して取り違えを避ける。四年五組なら、うっけの逆回答をカサネが静かに戻す。
FB03-165,FinalBoost_Set03,本番直前・2箇所穴埋め対応関係,2箇所穴埋め,MLOps,G検定横断領域,対応関係の即答,2空欄補充,直前対策,高,データパイプラインの障害はモデル劣化に見えることがあるため、モデルだけでなく上流データの（　1　）と（　2　）を確認する。,遅延／品質,誤回答／引き継ぎ,遷移／経路,品質／遅延,D,空欄1は『品質』、空欄2は『遅延』。MLOpsでは、2語の役割・順番・対象を取り違えないことが重要。,不適切。『遅延／品質』は、この文の空欄1・空欄2の対応と合わない。,不適切。『誤回答／引き継ぎ』は、この文の空欄1・空欄2の対応と合わない。,不適切。『遷移／経路』は、この文の空欄1・空欄2の対応と合わない。,正解。,2箇所穴埋めは、用語を単独で覚えるより、概念の対応関係・順番・対象を問う。本番では入れ替え選択肢に注意。,MLOps;品質;遅延;2箇所穴埋め;G検定,さいはての未来では、イオが2つの概念の接続を観測して取り違えを避ける。四年五組なら、うっけの逆回答をカサネが静かに戻す。
FB03-166,FinalBoost_Set03,本番直前・2箇所穴埋め対応関係,2箇所穴埋め,MLOps,G検定横断領域,対応関係の即答,2空欄補充,直前対策,高,推論APIの負荷が増えると遅延が大きくなるため、スケールアウトや（　1　）、キャッシュなどで（　2　）を管理する。,負荷／キュー制御,固定的／偏見,深く／深さ,キュー制御／負荷,D,空欄1は『キュー制御』、空欄2は『負荷』。MLOpsでは、2語の役割・順番・対象を取り違えないことが重要。,不適切。『負荷／キュー制御』は、この文の空欄1・空欄2の対応と合わない。,不適切。『固定的／偏見』は、この文の空欄1・空欄2の対応と合わない。,不適切。『深く／深さ』は、この文の空欄1・空欄2の対応と合わない。,正解。,2箇所穴埋めは、用語を単独で覚えるより、概念の対応関係・順番・対象を問う。本番では入れ替え選択肢に注意。,MLOps;キュー制御;負荷;2箇所穴埋め;G検定,さいはての未来では、イオが2つの概念の接続を観測して取り違えを避ける。四年五組なら、うっけの逆回答をカサネが静かに戻す。
FB03-167,FinalBoost_Set03,本番直前・2箇所穴埋め対応関係,2箇所穴埋め,MLOps,G検定横断領域,対応関係の即答,2空欄補充,直前対策,高,エッジAIでは端末ごとのモデル版がずれやすいため、更新状態と（　1　）を管理し、失敗時の（　2　）を用意する。,復旧／互換性,退避／引き継ぎ,ヒューリスティック／優先度,互換性／復旧,D,空欄1は『互換性』、空欄2は『復旧』。MLOpsでは、2語の役割・順番・対象を取り違えないことが重要。,不適切。『復旧／互換性』は、この文の空欄1・空欄2の対応と合わない。,不適切。『退避／引き継ぎ』は、この文の空欄1・空欄2の対応と合わない。,不適切。『ヒューリスティック／優先度』は、この文の空欄1・空欄2の対応と合わない。,正解。,2箇所穴埋めは、用語を単独で覚えるより、概念の対応関係・順番・対象を問う。本番では入れ替え選択肢に注意。,MLOps;互換性;復旧;2箇所穴埋め;G検定,さいはての未来では、イオが2つの概念の接続を観測して取り違えを避ける。四年五組なら、うっけの逆回答をカサネが静かに戻す。
FB03-168,FinalBoost_Set03,本番直前・2箇所穴埋め対応関係,2箇所穴埋め,MLOps,G検定横断領域,対応関係の即答,2空欄補充,直前対策,高,クラウドAIは集中管理しやすいが、ネットワーク障害時には（　1　）できない可能性があるため、重要用途では（　2　）手段も考える。,代替／推論,センサーフュージョン／弱点,枝刈り／効率,推論／代替,D,空欄1は『推論』、空欄2は『代替』。MLOpsでは、2語の役割・順番・対象を取り違えないことが重要。,不適切。『代替／推論』は、この文の空欄1・空欄2の対応と合わない。,不適切。『センサーフュージョン／弱点』は、この文の空欄1・空欄2の対応と合わない。,不適切。『枝刈り／効率』は、この文の空欄1・空欄2の対応と合わない。,正解。,2箇所穴埋めは、用語を単独で覚えるより、概念の対応関係・順番・対象を問う。本番では入れ替え選択肢に注意。,MLOps;推論;代替;2箇所穴埋め;G検定,さいはての未来では、イオが2つの概念の接続を観測して取り違えを避ける。四年五組なら、うっけの逆回答をカサネが静かに戻す。
FB03-169,FinalBoost_Set03,本番直前・2箇所穴埋め対応関係,2箇所穴埋め,MLOps,G検定横断領域,対応関係の即答,2空欄補充,直前対策,高,推論コストを下げるため量子化や蒸留を使う場合、軽量化後の（　1　）とクラス別の（　2　）を再評価する。,性能／精度,移動／地図,結論／仕組み,精度／性能,D,空欄1は『精度』、空欄2は『性能』。MLOpsでは、2語の役割・順番・対象を取り違えないことが重要。,不適切。『性能／精度』は、この文の空欄1・空欄2の対応と合わない。,不適切。『移動／地図』は、この文の空欄1・空欄2の対応と合わない。,不適切。『結論／仕組み』は、この文の空欄1・空欄2の対応と合わない。,正解。,2箇所穴埋めは、用語を単独で覚えるより、概念の対応関係・順番・対象を問う。本番では入れ替え選択肢に注意。,MLOps;精度;性能;2箇所穴埋め;G検定,さいはての未来では、イオが2つの概念の接続を観測して取り違えを避ける。四年五組なら、うっけの逆回答をカサネが静かに戻す。
FB03-170,FinalBoost_Set03,本番直前・2箇所穴埋め対応関係,2箇所穴埋め,MLOps,G検定横断領域,対応関係の即答,2空欄補充,直前対策,高,モデル圧縮では、サイズや速度の改善と、精度・公平性・安全性の（　1　）を比較し、業務要件に（　2　）するか判断する。,適合／低下,評価／更新,関係／共有,低下／適合,D,空欄1は『低下』、空欄2は『適合』。MLOpsでは、2語の役割・順番・対象を取り違えないことが重要。,不適切。『適合／低下』は、この文の空欄1・空欄2の対応と合わない。,不適切。『評価／更新』は、この文の空欄1・空欄2の対応と合わない。,不適切。『関係／共有』は、この文の空欄1・空欄2の対応と合わない。,正解。,2箇所穴埋めは、用語を単独で覚えるより、概念の対応関係・順番・対象を問う。本番では入れ替え選択肢に注意。,MLOps;低下;適合;2箇所穴埋め;G検定,さいはての未来では、イオが2つの概念の接続を観測して取り違えを避ける。四年五組なら、うっけの逆回答をカサネが静かに戻す。
FB03-171,FinalBoost_Set03,本番直前・2箇所穴埋め対応関係,2箇所穴埋め,産業応用,G検定横断領域,対応関係の即答,2空欄補充,直前対策,高,需要予測AIでは予測誤差だけでなく、欠品や過剰在庫などの（　1　）指標を見て、業務上の（　2　）を評価する。,効果／在庫,プライバシー／説明,常識／困難,在庫／効果,D,空欄1は『在庫』、空欄2は『効果』。産業応用では、2語の役割・順番・対象を取り違えないことが重要。,不適切。『効果／在庫』は、この文の空欄1・空欄2の対応と合わない。,不適切。『プライバシー／説明』は、この文の空欄1・空欄2の対応と合わない。,不適切。『常識／困難』は、この文の空欄1・空欄2の対応と合わない。,正解。,2箇所穴埋めは、用語を単独で覚えるより、概念の対応関係・順番・対象を問う。本番では入れ替え選択肢に注意。,産業応用;在庫;効果;2箇所穴埋め;G検定,さいはての未来では、イオが2つの概念の接続を観測して取り違えを避ける。四年五組なら、うっけの逆回答をカサネが静かに戻す。
FB03-172,FinalBoost_Set03,本番直前・2箇所穴埋め対応関係,2箇所穴埋め,産業応用,G検定横断領域,対応関係の即答,2空欄補充,直前対策,高,不正検知では見逃しを減らす再現率と、調査負荷に関わる適合率を（　1　）し、閾値を業務の（　2　）に合わせる。,処理能力／調整,不明／接続,対象／問題,調整／処理能力,D,空欄1は『調整』、空欄2は『処理能力』。産業応用では、2語の役割・順番・対象を取り違えないことが重要。,不適切。『処理能力／調整』は、この文の空欄1・空欄2の対応と合わない。,不適切。『不明／接続』は、この文の空欄1・空欄2の対応と合わない。,不適切。『対象／問題』は、この文の空欄1・空欄2の対応と合わない。,正解。,2箇所穴埋めは、用語を単独で覚えるより、概念の対応関係・順番・対象を問う。本番では入れ替え選択肢に注意。,産業応用;調整;処理能力;2箇所穴埋め;G検定,さいはての未来では、イオが2つの概念の接続を観測して取り違えを避ける。四年五組なら、うっけの逆回答をカサネが静かに戻す。
FB03-173,FinalBoost_Set03,本番直前・2箇所穴埋め対応関係,2箇所穴埋め,産業応用,G検定横断領域,対応関係の即答,2空欄補充,直前対策,高,推薦システムでは短期クリックだけでなく、多様性や新規性、フィルターバブルの（　1　）を考え、長期的な（　2　）を見る。,満足度／抑制,欠落／変化,理解／遂行,抑制／満足度,D,空欄1は『抑制』、空欄2は『満足度』。産業応用では、2語の役割・順番・対象を取り違えないことが重要。,不適切。『満足度／抑制』は、この文の空欄1・空欄2の対応と合わない。,不適切。『欠落／変化』は、この文の空欄1・空欄2の対応と合わない。,不適切。『理解／遂行』は、この文の空欄1・空欄2の対応と合わない。,正解。,2箇所穴埋めは、用語を単独で覚えるより、概念の対応関係・順番・対象を問う。本番では入れ替え選択肢に注意。,産業応用;抑制;満足度;2箇所穴埋め;G検定,さいはての未来では、イオが2つの概念の接続を観測して取り違えを避ける。四年五組なら、うっけの逆回答をカサネが静かに戻す。
FB03-174,FinalBoost_Set03,本番直前・2箇所穴埋め対応関係,2箇所穴埋め,産業応用,G検定横断領域,対応関係の即答,2空欄補充,直前対策,高,医療画像AIでは疾患の見逃しを避ける再現率と、誤検出による（　1　）負担を考え、専門家の（　2　）を組み込む。,判断／確認,意味／確認,振る舞い／外面的,確認／判断,D,空欄1は『確認』、空欄2は『判断』。産業応用では、2語の役割・順番・対象を取り違えないことが重要。,不適切。『判断／確認』は、この文の空欄1・空欄2の対応と合わない。,不適切。『意味／確認』は、この文の空欄1・空欄2の対応と合わない。,不適切。『振る舞い／外面的』は、この文の空欄1・空欄2の対応と合わない。,正解。,2箇所穴埋めは、用語を単独で覚えるより、概念の対応関係・順番・対象を問う。本番では入れ替え選択肢に注意。,産業応用;確認;判断;2箇所穴埋め;G検定,さいはての未来では、イオが2つの概念の接続を観測して取り違えを避ける。四年五組なら、うっけの逆回答をカサネが静かに戻す。
FB03-175,FinalBoost_Set03,本番直前・2箇所穴埋め対応関係,2箇所穴埋め,産業応用,G検定横断領域,対応関係の即答,2空欄補充,直前対策,高,製造業の外観検査では照明やカメラ位置の変化で分布が（　1　）し、モデルの（　2　）が下がることがある。,性能／変化,要件／レビュー,ヒューリスティック／削減,変化／性能,D,空欄1は『変化』、空欄2は『性能』。産業応用では、2語の役割・順番・対象を取り違えないことが重要。,不適切。『性能／変化』は、この文の空欄1・空欄2の対応と合わない。,不適切。『要件／レビュー』は、この文の空欄1・空欄2の対応と合わない。,不適切。『ヒューリスティック／削減』は、この文の空欄1・空欄2の対応と合わない。,正解。,2箇所穴埋めは、用語を単独で覚えるより、概念の対応関係・順番・対象を問う。本番では入れ替え選択肢に注意。,産業応用;変化;性能;2箇所穴埋め;G検定,さいはての未来では、イオが2つの概念の接続を観測して取り違えを避ける。四年五組なら、うっけの逆回答をカサネが静かに戻す。
FB03-176,FinalBoost_Set03,本番直前・2箇所穴埋め対応関係,2箇所穴埋め,産業応用,G検定横断領域,対応関係の即答,2空欄補充,直前対策,高,金融与信AIでは、返済可能性の予測だけでなく、説明可能性、（　1　）、規制対応を満たす（　2　）が必要である。,運用／公平性,偏り／影響,詳細／複雑,公平性／運用,D,空欄1は『公平性』、空欄2は『運用』。産業応用では、2語の役割・順番・対象を取り違えないことが重要。,不適切。『運用／公平性』は、この文の空欄1・空欄2の対応と合わない。,不適切。『偏り／影響』は、この文の空欄1・空欄2の対応と合わない。,不適切。『詳細／複雑』は、この文の空欄1・空欄2の対応と合わない。,正解。,2箇所穴埋めは、用語を単独で覚えるより、概念の対応関係・順番・対象を問う。本番では入れ替え選択肢に注意。,産業応用;公平性;運用;2箇所穴埋め;G検定,さいはての未来では、イオが2つの概念の接続を観測して取り違えを避ける。四年五組なら、うっけの逆回答をカサネが静かに戻す。
FB03-177,FinalBoost_Set03,本番直前・2箇所穴埋め対応関係,2箇所穴埋め,産業応用,G検定横断領域,対応関係の即答,2空欄補充,直前対策,高,コールセンターAIでは、回答の流暢さだけでなく、解決率、根拠整合性、（　1　）率、人間への（　2　）を評価する。,引き継ぎ／誤回答,代替／リスク,ルール／結論,誤回答／引き継ぎ,D,空欄1は『誤回答』、空欄2は『引き継ぎ』。産業応用では、2語の役割・順番・対象を取り違えないことが重要。,不適切。『引き継ぎ／誤回答』は、この文の空欄1・空欄2の対応と合わない。,不適切。『代替／リスク』は、この文の空欄1・空欄2の対応と合わない。,不適切。『ルール／結論』は、この文の空欄1・空欄2の対応と合わない。,正解。,2箇所穴埋めは、用語を単独で覚えるより、概念の対応関係・順番・対象を問う。本番では入れ替え選択肢に注意。,産業応用;誤回答;引き継ぎ;2箇所穴埋め;G検定,さいはての未来では、イオが2つの概念の接続を観測して取り違えを避ける。四年五組なら、うっけの逆回答をカサネが静かに戻す。
FB03-178,FinalBoost_Set03,本番直前・2箇所穴埋め対応関係,2箇所穴埋め,産業応用,G検定横断領域,対応関係の即答,2空欄補充,直前対策,高,教育AIでは、学習効果の向上だけでなく、個人データ保護と、生徒への（　1　）な評価や（　2　）を避ける。,偏見／固定的,明示／制限,リンク／ネットワーク,固定的／偏見,D,空欄1は『固定的』、空欄2は『偏見』。産業応用では、2語の役割・順番・対象を取り違えないことが重要。,不適切。『偏見／固定的』は、この文の空欄1・空欄2の対応と合わない。,不適切。『明示／制限』は、この文の空欄1・空欄2の対応と合わない。,不適切。『リンク／ネットワーク』は、この文の空欄1・空欄2の対応と合わない。,正解。,2箇所穴埋めは、用語を単独で覚えるより、概念の対応関係・順番・対象を問う。本番では入れ替え選択肢に注意。,産業応用;固定的;偏見;2箇所穴埋め;G検定,さいはての未来では、イオが2つの概念の接続を観測して取り違えを避ける。四年五組なら、うっけの逆回答をカサネが静かに戻す。
FB03-179,FinalBoost_Set03,本番直前・2箇所穴埋め対応関係,2箇所穴埋め,産業応用,G検定横断領域,対応関係の即答,2空欄補充,直前対策,高,自動運転AIでは認識、判断、制御が連携し、未知状況では安全側へ（　1　）し、人間やシステムへ（　2　）する。,引き継ぎ／退避,対応関係／入れ替え,制約／候補,退避／引き継ぎ,D,空欄1は『退避』、空欄2は『引き継ぎ』。産業応用では、2語の役割・順番・対象を取り違えないことが重要。,不適切。『引き継ぎ／退避』は、この文の空欄1・空欄2の対応と合わない。,不適切。『対応関係／入れ替え』は、この文の空欄1・空欄2の対応と合わない。,不適切。『制約／候補』は、この文の空欄1・空欄2の対応と合わない。,正解。,2箇所穴埋めは、用語を単独で覚えるより、概念の対応関係・順番・対象を問う。本番では入れ替え選択肢に注意。,産業応用;退避;引き継ぎ;2箇所穴埋め;G検定,さいはての未来では、イオが2つの概念の接続を観測して取り違えを避ける。四年五組なら、うっけの逆回答をカサネが静かに戻す。
FB03-180,FinalBoost_Set03,本番直前・2箇所穴埋め対応関係,2箇所穴埋め,産業応用,G検定横断領域,対応関係の即答,2空欄補充,直前対策,高,ロボットではカメラやLiDAR、IMUなどを組み合わせる（　1　）により、単一センサーの（　2　）を補える。,弱点／センサーフュージョン,構造／報酬,学習／深層学習,センサーフュージョン／弱点,D,空欄1は『センサーフュージョン』、空欄2は『弱点』。産業応用では、2語の役割・順番・対象を取り違えないことが重要。,不適切。『弱点／センサーフュージョン』は、この文の空欄1・空欄2の対応と合わない。,不適切。『構造／報酬』は、この文の空欄1・空欄2の対応と合わない。,不適切。『学習／深層学習』は、この文の空欄1・空欄2の対応と合わない。,正解。,2箇所穴埋めは、用語を単独で覚えるより、概念の対応関係・順番・対象を問う。本番では入れ替え選択肢に注意。,産業応用;センサーフュージョン;弱点;2箇所穴埋め;G検定,さいはての未来では、イオが2つの概念の接続を観測して取り違えを避ける。四年五組なら、うっけの逆回答をカサネが静かに戻す。
FB03-181,FinalBoost_Set03,本番直前・2箇所穴埋め対応関係,2箇所穴埋め,産業応用,G検定横断領域,対応関係の即答,2空欄補充,直前対策,高,SLAMでは自己位置推定と地図作成を同時に行い、ロボットが未知環境で（　1　）しながら（　2　）を作る。,地図／移動,未学習／方向,内部／統計,移動／地図,D,空欄1は『移動』、空欄2は『地図』。産業応用では、2語の役割・順番・対象を取り違えないことが重要。,不適切。『地図／移動』は、この文の空欄1・空欄2の対応と合わない。,不適切。『未学習／方向』は、この文の空欄1・空欄2の対応と合わない。,不適切。『内部／統計』は、この文の空欄1・空欄2の対応と合わない。,正解。,2箇所穴埋めは、用語を単独で覚えるより、概念の対応関係・順番・対象を問う。本番では入れ替え選択肢に注意。,産業応用;移動;地図;2箇所穴埋め;G検定,さいはての未来では、イオが2つの概念の接続を観測して取り違えを避ける。四年五組なら、うっけの逆回答をカサネが静かに戻す。
FB03-182,FinalBoost_Set03,本番直前・2箇所穴埋め対応関係,2箇所穴埋め,産業応用,G検定横断領域,対応関係の即答,2空欄補充,直前対策,高,農業AIでは地域や季節により画像や環境データが変わるため、実環境での（　1　）と継続的な（　2　）が必要である。,更新／評価,偽陰性／偽陽性,境界／変化,評価／更新,D,空欄1は『評価』、空欄2は『更新』。産業応用では、2語の役割・順番・対象を取り違えないことが重要。,不適切。『更新／評価』は、この文の空欄1・空欄2の対応と合わない。,不適切。『偽陰性／偽陽性』は、この文の空欄1・空欄2の対応と合わない。,不適切。『境界／変化』は、この文の空欄1・空欄2の対応と合わない。,正解。,2箇所穴埋めは、用語を単独で覚えるより、概念の対応関係・順番・対象を問う。本番では入れ替え選択肢に注意。,産業応用;評価;更新;2箇所穴埋め;G検定,さいはての未来では、イオが2つの概念の接続を観測して取り違えを避ける。四年五組なら、うっけの逆回答をカサネが静かに戻す。
FB03-183,FinalBoost_Set03,本番直前・2箇所穴埋め対応関係,2箇所穴埋め,産業応用,G検定横断領域,対応関係の即答,2空欄補充,直前対策,高,スマートシティでは人流や交通データを使うが、利便性と（　1　）保護、住民への（　2　）の両立が必要である。,説明／プライバシー,根拠／版,対応／連続,プライバシー／説明,D,空欄1は『プライバシー』、空欄2は『説明』。産業応用では、2語の役割・順番・対象を取り違えないことが重要。,不適切。『説明／プライバシー』は、この文の空欄1・空欄2の対応と合わない。,不適切。『根拠／版』は、この文の空欄1・空欄2の対応と合わない。,不適切。『対応／連続』は、この文の空欄1・空欄2の対応と合わない。,正解。,2箇所穴埋めは、用語を単独で覚えるより、概念の対応関係・順番・対象を問う。本番では入れ替え選択肢に注意。,産業応用;プライバシー;説明;2箇所穴埋め;G検定,さいはての未来では、イオが2つの概念の接続を観測して取り違えを避ける。四年五組なら、うっけの逆回答をカサネが静かに戻す。
FB03-184,FinalBoost_Set03,本番直前・2箇所穴埋め対応関係,2箇所穴埋め,産業応用,G検定横断領域,対応関係の即答,2空欄補充,直前対策,高,チャットボットは問い合わせを効率化するが、根拠がない場合は（　1　）と答え、人間窓口へ（　2　）する設計が重要である。,接続／不明,整合性／確認,構造／次元,不明／接続,D,空欄1は『不明』、空欄2は『接続』。産業応用では、2語の役割・順番・対象を取り違えないことが重要。,不適切。『接続／不明』は、この文の空欄1・空欄2の対応と合わない。,不適切。『整合性／確認』は、この文の空欄1・空欄2の対応と合わない。,不適切。『構造／次元』は、この文の空欄1・空欄2の対応と合わない。,正解。,2箇所穴埋めは、用語を単独で覚えるより、概念の対応関係・順番・対象を問う。本番では入れ替え選択肢に注意。,産業応用;不明;接続;2箇所穴埋め;G検定,さいはての未来では、イオが2つの概念の接続を観測して取り違えを避ける。四年五組なら、うっけの逆回答をカサネが静かに戻す。
FB03-185,FinalBoost_Set03,本番直前・2箇所穴埋め対応関係,2箇所穴埋め,産業応用,G検定横断領域,対応関係の即答,2空欄補充,直前対策,高,文書要約AIでは短縮率だけでなく、重要事項の（　1　）や意味の（　2　）がないか確認する。,変化／欠落,監視／対応,ラベルなし／削減,欠落／変化,D,空欄1は『欠落』、空欄2は『変化』。産業応用では、2語の役割・順番・対象を取り違えないことが重要。,不適切。『変化／欠落』は、この文の空欄1・空欄2の対応と合わない。,不適切。『監視／対応』は、この文の空欄1・空欄2の対応と合わない。,不適切。『ラベルなし／削減』は、この文の空欄1・空欄2の対応と合わない。,正解。,2箇所穴埋めは、用語を単独で覚えるより、概念の対応関係・順番・対象を問う。本番では入れ替え選択肢に注意。,産業応用;欠落;変化;2箇所穴埋め;G検定,さいはての未来では、イオが2つの概念の接続を観測して取り違えを避ける。四年五組なら、うっけの逆回答をカサネが静かに戻す。
FB03-186,FinalBoost_Set03,本番直前・2箇所穴埋め対応関係,2箇所穴埋め,産業応用,G検定横断領域,対応関係の即答,2空欄補充,直前対策,高,AI翻訳では自然さだけでなく、契約や医療など専門文書の（　1　）正確性を人間が（　2　）する。,確認／意味,照合／範囲,教師信号／表現,意味／確認,D,空欄1は『意味』、空欄2は『確認』。産業応用では、2語の役割・順番・対象を取り違えないことが重要。,不適切。『確認／意味』は、この文の空欄1・空欄2の対応と合わない。,不適切。『照合／範囲』は、この文の空欄1・空欄2の対応と合わない。,不適切。『教師信号／表現』は、この文の空欄1・空欄2の対応と合わない。,正解。,2箇所穴埋めは、用語を単独で覚えるより、概念の対応関係・順番・対象を問う。本番では入れ替え選択肢に注意。,産業応用;意味;確認;2箇所穴埋め;G検定,さいはての未来では、イオが2つの概念の接続を観測して取り違えを避ける。四年五組なら、うっけの逆回答をカサネが静かに戻す。
FB03-187,FinalBoost_Set03,本番直前・2箇所穴埋め対応関係,2箇所穴埋め,産業応用,G検定横断領域,対応関係の即答,2空欄補充,直前対策,高,コード生成AIでは、生成コードの動作に加え、脆弱性、ライセンス、保守性、（　1　）適合を（　2　）する。,レビュー／要件,拡張／依存,差／調整,要件／レビュー,D,空欄1は『要件』、空欄2は『レビュー』。産業応用では、2語の役割・順番・対象を取り違えないことが重要。,不適切。『レビュー／要件』は、この文の空欄1・空欄2の対応と合わない。,不適切。『拡張／依存』は、この文の空欄1・空欄2の対応と合わない。,不適切。『差／調整』は、この文の空欄1・空欄2の対応と合わない。,正解。,2箇所穴埋めは、用語を単独で覚えるより、概念の対応関係・順番・対象を問う。本番では入れ替え選択肢に注意。,産業応用;要件;レビュー;2箇所穴埋め;G検定,さいはての未来では、イオが2つの概念の接続を観測して取り違えを避ける。四年五組なら、うっけの逆回答をカサネが静かに戻す。
FB03-188,FinalBoost_Set03,本番直前・2箇所穴埋め対応関係,2箇所穴埋め,産業応用,G検定横断領域,対応関係の即答,2空欄補充,直前対策,高,広告配信AIではクリック率だけでなく、差別的な配信や情報接触の（　1　）、利用者への（　2　）を考慮する。,影響／偏り,安全性／責任,汎化性能／早期終了,偏り／影響,D,空欄1は『偏り』、空欄2は『影響』。産業応用では、2語の役割・順番・対象を取り違えないことが重要。,不適切。『影響／偏り』は、この文の空欄1・空欄2の対応と合わない。,不適切。『安全性／責任』は、この文の空欄1・空欄2の対応と合わない。,不適切。『汎化性能／早期終了』は、この文の空欄1・空欄2の対応と合わない。,正解。,2箇所穴埋めは、用語を単独で覚えるより、概念の対応関係・順番・対象を問う。本番では入れ替え選択肢に注意。,産業応用;偏り;影響;2箇所穴埋め;G検定,さいはての未来では、イオが2つの概念の接続を観測して取り違えを避ける。四年五組なら、うっけの逆回答をカサネが静かに戻す。
FB03-189,FinalBoost_Set03,本番直前・2箇所穴埋め対応関係,2箇所穴埋め,産業応用,G検定横断領域,対応関係の即答,2空欄補充,直前対策,高,防災AIでは情報の鮮度や通信断時の（　1　）導線、古い情報に基づく誤誘導の（　2　）を考える。,リスク／代替,パターン／ルール,表現力／不足,代替／リスク,D,空欄1は『代替』、空欄2は『リスク』。産業応用では、2語の役割・順番・対象を取り違えないことが重要。,不適切。『リスク／代替』は、この文の空欄1・空欄2の対応と合わない。,不適切。『パターン／ルール』は、この文の空欄1・空欄2の対応と合わない。,不適切。『表現力／不足』は、この文の空欄1・空欄2の対応と合わない。,正解。,2箇所穴埋めは、用語を単独で覚えるより、概念の対応関係・順番・対象を問う。本番では入れ替え選択肢に注意。,産業応用;代替;リスク;2箇所穴埋め;G検定,さいはての未来では、イオが2つの概念の接続を観測して取り違えを避ける。四年五組なら、うっけの逆回答をカサネが静かに戻す。
FB03-190,FinalBoost_Set03,本番直前・2箇所穴埋め対応関係,2箇所穴埋め,産業応用,G検定横断領域,対応関係の即答,2空欄補充,直前対策,高,音声合成AIを業務で使う場合、本人同意やなりすまし防止、生成音声であることの（　1　）、利用範囲の（　2　）が重要である。,制限／明示,エキスパートシステム／深層学習,安定性／独立,明示／制限,D,空欄1は『明示』、空欄2は『制限』。産業応用では、2語の役割・順番・対象を取り違えないことが重要。,不適切。『制限／明示』は、この文の空欄1・空欄2の対応と合わない。,不適切。『エキスパートシステム／深層学習』は、この文の空欄1・空欄2の対応と合わない。,不適切。『安定性／独立』は、この文の空欄1・空欄2の対応と合わない。,正解。,2箇所穴埋めは、用語を単独で覚えるより、概念の対応関係・順番・対象を問う。本番では入れ替え選択肢に注意。,産業応用;明示;制限;2箇所穴埋め;G検定,さいはての未来では、イオが2つの概念の接続を観測して取り違えを避ける。四年五組なら、うっけの逆回答をカサネが静かに戻す。
FB03-191,FinalBoost_Set03,本番直前・2箇所穴埋め対応関係,2箇所穴埋め,直前補強,G検定横断領域,対応関係の即答,2空欄補充,直前対策,高,G検定では、単純な用語暗記よりも、概念Aと概念Bの（　1　）を見抜き、選択肢の（　2　）を切る力が重要である。,入れ替え／対応関係,遷移／経路,検証／テスト,対応関係／入れ替え,D,空欄1は『対応関係』、空欄2は『入れ替え』。直前補強では、2語の役割・順番・対象を取り違えないことが重要。,不適切。『入れ替え／対応関係』は、この文の空欄1・空欄2の対応と合わない。,不適切。『遷移／経路』は、この文の空欄1・空欄2の対応と合わない。,不適切。『検証／テスト』は、この文の空欄1・空欄2の対応と合わない。,正解。,2箇所穴埋めは、用語を単独で覚えるより、概念の対応関係・順番・対象を問う。本番では入れ替え選択肢に注意。,直前補強;対応関係;入れ替え;2箇所穴埋め;G検定,さいはての未来では、イオが2つの概念の接続を観測して取り違えを避ける。四年五組なら、うっけの逆回答をカサネが静かに戻す。
FB03-192,FinalBoost_Set03,本番直前・2箇所穴埋め対応関係,2箇所穴埋め,直前補強,G検定横断領域,対応関係の即答,2空欄補充,直前対策,高,教師あり学習の中心は正解ラベル、教師なし学習の中心はデータの（　1　）、強化学習の中心は（　2　）である。,報酬／構造,深く／深さ,再現率／適合率,構造／報酬,D,空欄1は『構造』、空欄2は『報酬』。直前補強では、2語の役割・順番・対象を取り違えないことが重要。,不適切。『報酬／構造』は、この文の空欄1・空欄2の対応と合わない。,不適切。『深く／深さ』は、この文の空欄1・空欄2の対応と合わない。,不適切。『再現率／適合率』は、この文の空欄1・空欄2の対応と合わない。,正解。,2箇所穴埋めは、用語を単独で覚えるより、概念の対応関係・順番・対象を問う。本番では入れ替え選択肢に注意。,直前補強;構造;報酬;2箇所穴埋め;G検定,さいはての未来では、イオが2つの概念の接続を観測して取り違えを避ける。四年五組なら、うっけの逆回答をカサネが静かに戻す。
FB03-193,FinalBoost_Set03,本番直前・2箇所穴埋め対応関係,2箇所穴埋め,直前補強,G検定横断領域,対応関係の即答,2空欄補充,直前対策,高,訓練データに強すぎる状態は過学習、訓練データにも弱い状態は（　1　）で、両者は対策の（　2　）が違う。,方向／未学習,ヒューリスティック／優先度,調和／算術,未学習／方向,D,空欄1は『未学習』、空欄2は『方向』。直前補強では、2語の役割・順番・対象を取り違えないことが重要。,不適切。『方向／未学習』は、この文の空欄1・空欄2の対応と合わない。,不適切。『ヒューリスティック／優先度』は、この文の空欄1・空欄2の対応と合わない。,不適切。『調和／算術』は、この文の空欄1・空欄2の対応と合わない。,正解。,2箇所穴埋めは、用語を単独で覚えるより、概念の対応関係・順番・対象を問う。本番では入れ替え選択肢に注意。,直前補強;未学習;方向;2箇所穴埋め;G検定,さいはての未来では、イオが2つの概念の接続を観測して取り違えを避ける。四年五組なら、うっけの逆回答をカサネが静かに戻す。
FB03-194,FinalBoost_Set03,本番直前・2箇所穴埋め対応関係,2箇所穴埋め,直前補強,G検定横断領域,対応関係の即答,2空欄補充,直前対策,高,正解率が高くても少数クラスを見逃す場合があるため、混同行列で（　1　）と（　2　）を確認する。,偽陽性／偽陰性,枝刈り／効率,面積／高い,偽陰性／偽陽性,D,空欄1は『偽陰性』、空欄2は『偽陽性』。直前補強では、2語の役割・順番・対象を取り違えないことが重要。,不適切。『偽陽性／偽陰性』は、この文の空欄1・空欄2の対応と合わない。,不適切。『枝刈り／効率』は、この文の空欄1・空欄2の対応と合わない。,不適切。『面積／高い』は、この文の空欄1・空欄2の対応と合わない。,正解。,2箇所穴埋めは、用語を単独で覚えるより、概念の対応関係・順番・対象を問う。本番では入れ替え選択肢に注意。,直前補強;偽陰性;偽陽性;2箇所穴埋め;G検定,さいはての未来では、イオが2つの概念の接続を観測して取り違えを避ける。四年五組なら、うっけの逆回答をカサネが静かに戻す。
FB03-195,FinalBoost_Set03,本番直前・2箇所穴埋め対応関係,2箇所穴埋め,直前補強,G検定横断領域,対応関係の即答,2空欄補充,直前対策,高,RAGでは検索対象の品質と権限が重要で、LLMの出力だけでなく参照した（　1　）と（　2　）を確認する。,版／根拠,結論／仕組み,少ない／有用,根拠／版,D,空欄1は『根拠』、空欄2は『版』。直前補強では、2語の役割・順番・対象を取り違えないことが重要。,不適切。『版／根拠』は、この文の空欄1・空欄2の対応と合わない。,不適切。『結論／仕組み』は、この文の空欄1・空欄2の対応と合わない。,不適切。『少ない／有用』は、この文の空欄1・空欄2の対応と合わない。,正解。,2箇所穴埋めは、用語を単独で覚えるより、概念の対応関係・順番・対象を問う。本番では入れ替え選択肢に注意。,直前補強;根拠;版;2箇所穴埋め;G検定,さいはての未来では、イオが2つの概念の接続を観測して取り違えを避ける。四年五組なら、うっけの逆回答をカサネが静かに戻す。
FB03-196,FinalBoost_Set03,本番直前・2箇所穴埋め対応関係,2箇所穴埋め,直前補強,G検定横断領域,対応関係の即答,2空欄補充,直前対策,高,生成AIのハルシネーション対策では、根拠の提示だけでなく、根拠と回答の（　1　）を見て、人間が（　2　）する。,確認／整合性,関係／共有,偽陰性／偽陽性,整合性／確認,D,空欄1は『整合性』、空欄2は『確認』。直前補強では、2語の役割・順番・対象を取り違えないことが重要。,不適切。『確認／整合性』は、この文の空欄1・空欄2の対応と合わない。,不適切。『関係／共有』は、この文の空欄1・空欄2の対応と合わない。,不適切。『偽陰性／偽陽性』は、この文の空欄1・空欄2の対応と合わない。,正解。,2箇所穴埋めは、用語を単独で覚えるより、概念の対応関係・順番・対象を問う。本番では入れ替え選択肢に注意。,直前補強;整合性;確認;2箇所穴埋め;G検定,さいはての未来では、イオが2つの概念の接続を観測して取り違えを避ける。四年五組なら、うっけの逆回答をカサネが静かに戻す。
FB03-197,FinalBoost_Set03,本番直前・2箇所穴埋め対応関係,2箇所穴埋め,直前補強,G検定横断領域,対応関係の即答,2空欄補充,直前対策,高,AIガバナンスでは、作る前の審査だけでなく、運用後の（　1　）と問題発生時の（　2　）が重要である。,対応／監視,常識／困難,減少／増加,監視／対応,D,空欄1は『監視』、空欄2は『対応』。直前補強では、2語の役割・順番・対象を取り違えないことが重要。,不適切。『対応／監視』は、この文の空欄1・空欄2の対応と合わない。,不適切。『常識／困難』は、この文の空欄1・空欄2の対応と合わない。,不適切。『減少／増加』は、この文の空欄1・空欄2の対応と合わない。,正解。,2箇所穴埋めは、用語を単独で覚えるより、概念の対応関係・順番・対象を問う。本番では入れ替え選択肢に注意。,直前補強;監視;対応;2箇所穴埋め;G検定,さいはての未来では、イオが2つの概念の接続を観測して取り違えを避ける。四年五組なら、うっけの逆回答をカサネが静かに戻す。
FB03-198,FinalBoost_Set03,本番直前・2箇所穴埋め対応関係,2箇所穴埋め,直前補強,G検定横断領域,対応関係の即答,2空欄補充,直前対策,高,個人情報の扱いでは、氏名の削除だけでなく、他情報との（　1　）による再識別と、利用目的の（　2　）を確認する。,範囲／照合,対象／問題,適合率／再現率,照合／範囲,D,空欄1は『照合』、空欄2は『範囲』。直前補強では、2語の役割・順番・対象を取り違えないことが重要。,不適切。『範囲／照合』は、この文の空欄1・空欄2の対応と合わない。,不適切。『対象／問題』は、この文の空欄1・空欄2の対応と合わない。,不適切。『適合率／再現率』は、この文の空欄1・空欄2の対応と合わない。,正解。,2箇所穴埋めは、用語を単独で覚えるより、概念の対応関係・順番・対象を問う。本番では入れ替え選択肢に注意。,直前補強;照合;範囲;2箇所穴埋め;G検定,さいはての未来では、イオが2つの概念の接続を観測して取り違えを避ける。四年五組なら、うっけの逆回答をカサネが静かに戻す。
FB03-199,FinalBoost_Set03,本番直前・2箇所穴埋め対応関係,2箇所穴埋め,直前補強,G検定横断領域,対応関係の即答,2空欄補充,直前対策,高,エッジAIは端末側で推論して遅延や通信断に強く、クラウドAIは計算資源を（　1　）しやすいが、ネットワークへの（　2　）がある。,依存／拡張,理解／遂行,強く／敏感,拡張／依存,D,空欄1は『拡張』、空欄2は『依存』。直前補強では、2語の役割・順番・対象を取り違えないことが重要。,不適切。『依存／拡張』は、この文の空欄1・空欄2の対応と合わない。,不適切。『理解／遂行』は、この文の空欄1・空欄2の対応と合わない。,不適切。『強く／敏感』は、この文の空欄1・空欄2の対応と合わない。,正解。,2箇所穴埋めは、用語を単独で覚えるより、概念の対応関係・順番・対象を問う。本番では入れ替え選択肢に注意。,直前補強;拡張;依存;2箇所穴埋め;G検定,さいはての未来では、イオが2つの概念の接続を観測して取り違えを避ける。四年五組なら、うっけの逆回答をカサネが静かに戻す。
FB03-200,FinalBoost_Set03,本番直前・2箇所穴埋め対応関係,2箇所穴埋め,直前補強,G検定横断領域,対応関係の即答,2空欄補充,直前対策,高,本番直前の見直しでは、モデルの精度だけでなく、データ、評価、法律、倫理、（　1　）、運用の（　2　）を押さえる。,責任／安全性,振る舞い／外面的,特徴量／関係,安全性／責任,D,空欄1は『安全性』、空欄2は『責任』。直前補強では、2語の役割・順番・対象を取り違えないことが重要。,不適切。『責任／安全性』は、この文の空欄1・空欄2の対応と合わない。,不適切。『振る舞い／外面的』は、この文の空欄1・空欄2の対応と合わない。,不適切。『特徴量／関係』は、この文の空欄1・空欄2の対応と合わない。,正解。,2箇所穴埋めは、用語を単独で覚えるより、概念の対応関係・順番・対象を問う。本番では入れ替え選択肢に注意。,直前補強;安全性;責任;2箇所穴埋め;G検定,さいはての未来では、イオが2つの概念の接続を観測して取り違えを避ける。四年五組なら、うっけの逆回答をカサネが静かに戻す。
